Id,Company,Status,StatusStart,Latitude,Longitude,ReceivingWaterCourse,LastUpdated,ObjectId,LatestEventStart,LatestEventEnd,x,y
SWS00347,Southern Water,0,10/29/2025 2:09:00 PM,51.3928548119786,0.570073996039001,RIVER MEDWAY,2/5/2026 2:20:00 PM,46588911,10/29/2025 2:05:00 PM,10/29/2025 2:09:00 PM,63460.3469535483,6691081.61143891
SWS00775,Southern Water,0,2/19/2026 5:47:56 AM,50.7288852216585,-1.15310245678899,MONKTONMEAD BROOK,2/19/2026 6:40:00 AM,46588912,2/18/2026 4:55:45 PM,2/19/2026 5:47:56 AM,-128362.778322223,6573476.05113797
SWS00345,Southern Water,0,2/1/2026 10:16:26 PM,50.9378258064539,-1.3559656778952,ITCHEN,2/1/2026 11:10:00 PM,46588913,2/1/2026 6:38:23 PM,2/1/2026 10:16:26 PM,-150945.40879645,6610303.18785357
SWS00755,Southern Water,0,2/19/2026 7:24:23 PM,50.7177548482561,-1.10768978451047,SOLENT,2/19/2026 8:00:00 PM,46588914,2/18/2026 3:27:57 PM,2/19/2026 7:24:23 PM,-123307.462768616,6571518.86533993
SWS00212,Southern Water,1,4/4/2026 5:40:12 AM,51.1276722078129,1.31148817709941,DOUR,4/4/2026 7:05:00 AM,46588915,4/4/2026 5:40:12 AM,,145994.196056105,6643908.60604216
SWS00232,Southern Water,0,2/15/2026 12:38:58 PM,51.381195967985,0.605207706761961,MEDWAY,2/15/2026 1:40:00 PM,46588916,2/15/2026 11:31:19 AM,2/15/2026 12:38:58 PM,67371.4137409063,6689001.90155703
SWS00721,Southern Water,0,3/13/2026 3:52:00 AM,50.7267742941186,-1.22454872929067,IOW STREAMS,3/13/2026 4:40:00 AM,46588917,3/13/2026 1:02:00 AM,3/13/2026 3:52:00 AM,-136316.140996188,6573104.82594103
SWS00392,Southern Water,0,3/13/2026 3:51:33 PM,50.8962426285925,-1.0590642714864,WALLINGTON,3/13/2026 8:40:01 PM,46588918,3/13/2026 1:43:35 AM,3/13/2026 3:51:33 PM,-117894.495419215,6602960.72631417
SWS00942,Southern Water,0,2/18/2026 10:38:00 PM,50.7393633544934,-1.32874624296098,GURNARD LUCK STREAM,2/20/2026 2:30:00 PM,46588919,2/18/2026 10:35:00 PM,2/18/2026 10:38:00 PM,-147915.355159892,6575318.97069699
SWS00459,Southern Water,0,2/18/2026 8:14:00 PM,50.6345747240416,-1.18208962931755,UNAMED STREAM - SCOTCHELLS BROOK,2/18/2026 8:40:00 PM,46588920,2/18/2026 7:28:00 PM,2/18/2026 8:14:00 PM,-131589.615607639,6556907.01066664
SWS00218,Southern Water,0,3/24/2026 10:49:36 PM,51.381195967985,0.605207706761961,MEDWAY,3/24/2026 11:20:00 PM,46588921,3/24/2026 10:36:07 PM,3/24/2026 10:49:36 PM,67371.4137409063,6689001.90155703
SWS00506,Southern Water,0,2/19/2026 2:40:00 AM,50.6963146350745,-1.53343422227308,SOLENT,2/19/2026 3:30:01 AM,46588922,2/18/2026 4:46:00 PM,2/19/2026 2:40:00 AM,-170701.116788419,6567750.08755029
SWS00184,Southern Water,0,2/18/2026 8:34:10 PM,50.7632839197341,0.107130666163098,ENGLISH CHANNEL,2/18/2026 9:25:00 PM,46588923,2/18/2026 8:27:19 PM,2/18/2026 8:34:10 PM,11925.7312056203,6579527.7237989
SWS00665,Southern Water,-1,1/8/2026 3:44:55 PM,51.3905317228703,0.5775626394318,MEDWAY,1/8/2026 4:30:00 PM,46588924,1/8/2026 3:44:55 PM,1/8/2026 3:56:40 PM,64293.978922767,6690667.17547528
SWS00522,Southern Water,0,2/15/2026 12:28:22 PM,51.381195967985,0.605207706761961,MEDWAY,2/15/2026 1:20:00 PM,46588925,2/15/2026 12:22:49 PM,2/15/2026 12:28:22 PM,67371.4137409063,6689001.90155703
SWS00426,Southern Water,0,2/11/2026 4:15:44 PM,50.7594570146805,-1.53649293439724,LYMINGTON,2/11/2026 5:05:00 PM,46588926,2/11/2026 4:09:20 PM,2/11/2026 4:15:44 PM,-171041.611064563,6578854.24657147
SWS00094,Southern Water,0,3/17/2026 8:33:30 AM,50.7629674669724,-1.53730899615631,LYMINGTON,3/17/2026 9:20:00 AM,46588927,3/17/2026 8:24:17 AM,3/17/2026 8:33:30 AM,-171132.454644039,6579472.03082505
SWS00217,Southern Water,0,11/10/2025 2:02:11 PM,51.381195967985,0.605207706761961,MEDWAY,11/10/2025 2:40:00 PM,46588928,11/10/2025 1:51:47 PM,11/10/2025 2:02:11 PM,67371.4137409063,6689001.90155703
SWS00219,Southern Water,0,3/13/2026 3:17:44 AM,51.381195967985,0.605207706761961,MEDWAY,3/13/2026 4:00:00 AM,46588929,3/13/2026 3:03:12 AM,3/13/2026 3:17:44 AM,67371.4137409063,6689001.90155703
SWS00410,Southern Water,0,3/24/2026 10:44:56 PM,51.381195967985,0.605207706761961,MEDWAY,3/24/2026 11:20:00 PM,46588930,3/24/2026 10:37:35 PM,3/24/2026 10:44:56 PM,67371.4137409063,6689001.90155703
SWS00846,Southern Water,0,1/7/2026 5:07:08 AM,51.3660933230717,1.0378397780604,NORTH SEA,1/7/2026 5:30:00 AM,46588931,1/7/2026 3:45:06 AM,1/7/2026 5:07:08 AM,115531.795618688,6686308.67235113
SWS00684,Southern Water,0,3/27/2026 12:00:00 AM,51.3813788118307,0.605074369646885,RIVER MEDWAY ESTUARY,3/27/2026 12:40:01 AM,46588932,3/26/2026 11:29:28 AM,3/27/2026 12:00:00 AM,67356.5707211522,6689034.51323582
SWS00025,Southern Water,0,2/1/2026 7:15:36 PM,50.7138717540767,-1.16626266353579,MONKTONMEAD BROOK,2/1/2026 8:10:00 PM,46588933,2/1/2026 5:39:34 PM,2/1/2026 7:15:36 PM,-129827.765836011,6570836.16412426
SWS00033,Southern Water,0,2/18/2026 8:25:28 PM,50.7329588522877,-1.16932470912576,SOLENT,2/18/2026 9:00:00 PM,46588934,2/18/2026 7:38:08 PM,2/18/2026 8:25:28 PM,-130168.631191872,6574192.48224601
SWS00220,Southern Water,0,3/6/2026 8:17:12 PM,51.381195967985,0.605207706761961,MEDWAY,3/6/2026 9:00:00 PM,46588935,3/6/2026 8:14:43 PM,3/6/2026 8:17:12 PM,67371.4137409063,6689001.90155703
SWS00546,Southern Water,0,1/16/2023 7:40:00 AM,50.8398780251182,0.423788616960157,COLE STREAM,10/16/2025 8:10:59 AM,46588936,1/16/2023 3:47:00 AM,1/16/2023 7:40:00 AM,47175.9330439903,6593018.72461321
SWS00677,Southern Water,0,3/18/2026 8:03:35 PM,50.7165581231925,-1.30135087816935,MEDINA,3/18/2026 8:40:00 PM,46588937,3/18/2026 4:08:39 PM,3/18/2026 8:03:35 PM,-144865.717101191,6571308.45863024
SWS90100,Southern Water,0,1/28/2020 12:19:00 AM,50.8461799033242,-0.997571658655565,BROCKHAMPTON CREEK,10/16/2025 8:10:59 AM,46588938,1/27/2020 7:33:00 PM,1/28/2020 12:19:00 AM,-111049.169071339,6594129.6994298
SWS00140,Southern Water,0,2/19/2026 4:53:31 AM,50.7737480207392,-0.718160212397384,ENGLISH CHANNEL,2/19/2026 5:35:00 AM,46588939,2/18/2026 10:16:12 PM,2/19/2026 4:53:31 AM,-79945.229152066,6581369.528085
SWS00302,Southern Water,0,2/15/2026 4:53:12 PM,51.0807857797669,-0.303086951238661,BOLDINGS BROOK,2/24/2026 10:15:00 AM,46588940,2/15/2026 4:38:12 PM,2/15/2026 4:53:12 PM,-33739.4850779735,6635596.25180828
SWS00768,Southern Water,0,3/13/2026 1:48:18 AM,50.6917490673356,-1.28841124239395,MEDINA,3/13/2026 2:20:00 AM,46588941,3/13/2026 1:34:45 AM,3/13/2026 1:48:18 AM,-143425.283435623,6566947.77091988
SWS00829,Southern Water,0,9/4/2025 5:07:37 AM,50.7629674669724,-1.53730899615631,LYMINGTON,9/4/2025 5:30:15 AM,46588942,9/4/2025 4:53:31 AM,9/4/2025 5:07:37 AM,-171132.454644039,6579472.03082505
SWS00119,Southern Water,0,7/18/2025 11:23:45 PM,51.1372032209086,1.29572761932062,DOUR,7/18/2025 11:55:19 PM,46588943,7/18/2025 11:16:24 PM,7/18/2025 11:23:45 PM,144239.738789552,6645599.36257848
SWS00255,Southern Water,0,3/13/2026 2:27:20 AM,50.7086228686085,-1.29778650979281,MEDINA,3/13/2026 3:00:00 AM,46588944,3/13/2026 1:29:11 AM,3/13/2026 2:27:20 AM,-144468.933428515,6569913.42795581
SWS00518,Southern Water,0,1/8/2026 12:00:00 AM,51.3763747594858,0.623759742634924,RIVER MEDWAY ESTUARY,1/8/2026 12:30:00 AM,46588945,1/7/2026 3:35:31 AM,1/8/2026 12:00:00 AM,69436.6169274631,6688142.04702836
SWS00384,Southern Water,0,3/11/2026 4:39:04 AM,50.8559842511981,0.266897975780455,HORSE EYE SEWER,3/11/2026 5:00:00 AM,46588946,3/11/2026 3:37:12 AM,3/11/2026 4:39:04 AM,29710.9467576357,6595858.43231114
SWS00507,Southern Water,0,2/18/2026 10:28:10 PM,50.7027123980268,-1.51453679464027,SOLENT,2/18/2026 11:20:00 PM,46588947,2/18/2026 5:26:14 PM,2/18/2026 10:28:10 PM,-168597.464767032,6568874.5110344
SWS00964,Southern Water,0,3/24/2026 10:42:18 PM,51.381195967985,0.605207706761961,MEDWAY,3/24/2026 11:20:00 PM,46588948,3/24/2026 10:34:21 PM,3/24/2026 10:42:18 PM,67371.4137409063,6689001.90155703
SWS00757,Southern Water,0,1/7/2026 2:54:00 AM,51.3928548119786,0.570073996039001,RIVER MEDWAY,1/7/2026 3:30:00 AM,46588949,1/7/2026 2:50:00 AM,1/7/2026 2:54:00 AM,63460.3469535483,6691081.61143891
SWS00860,Southern Water,0,2/19/2026 3:26:04 AM,50.85036197864,-1.18854976697749,BLACKBROOK STREAM,2/19/2026 4:35:00 AM,46588950,2/18/2026 4:43:27 PM,2/19/2026 3:26:04 AM,-132308.754842398,6594867.05141833
SWS00898,Southern Water,0,1/18/2026 12:42:00 PM,50.9896096393345,-1.38687998328117,MONKS BROOK VIA DRAIN,2/9/2026 4:50:00 PM,46588951,1/18/2026 11:52:00 AM,1/18/2026 12:42:00 PM,-154386.773530244,6619455.99399599
SWS00359,Southern Water,0,1/27/2026 5:23:09 PM,51.3673337611553,1.02815086136972,NORTH SEA,1/27/2026 6:10:00 PM,46588952,1/27/2026 5:15:19 PM,1/27/2026 5:23:09 PM,114453.230346343,6686529.84409816
SWS00847,Southern Water,0,1/8/2026 8:27:25 PM,51.3660933230717,1.0378397780604,NORTH SEA,1/9/2026 2:55:00 AM,46588953,1/8/2026 7:09:52 PM,1/8/2026 8:27:25 PM,115531.795618688,6686308.67235113
SWS00848,Southern Water,0,2/10/2026 7:09:13 PM,51.3660933230717,1.0378397780604,NORTH SEA,2/10/2026 7:50:00 PM,46588954,2/10/2026 6:55:35 PM,2/10/2026 7:09:13 PM,115531.795618688,6686308.67235113
SWS00004,Southern Water,0,2/15/2026 2:20:26 PM,51.3222354284465,0.90245754602996,FAVERSHAM CREEK,2/15/2026 3:20:00 PM,46588955,2/15/2026 12:51:32 PM,2/15/2026 2:20:26 PM,100461.114486602,6678492.59921804
SWS00009,Southern Water,0,1/27/2026 9:56:18 AM,51.0365025324786,0.171710872250293,JARVIS BROOK,1/27/2026 10:30:00 AM,46588956,1/27/2026 9:30:28 AM,1/27/2026 9:56:18 AM,19114.7668625715,6627753.13981362
SWS00236,Southern Water,0,2/15/2026 2:21:13 PM,51.0609968364725,0.174855237252702,CROWBOROUGH GHYLL,2/15/2026 6:35:00 PM,46588957,2/15/2026 12:33:24 PM,2/15/2026 2:21:13 PM,19464.7959735078,6632090.4575268
SWS00605,Southern Water,0,4/3/2026 7:50:34 AM,50.9848654059682,0.470947711322192,ROTHER E,4/3/2026 8:40:00 AM,46588958,4/3/2026 3:59:43 AM,4/3/2026 7:50:34 AM,52425.659414644,6618617.0247965
SWS00468,Southern Water,0,9/15/2025 3:00:22 AM,51.0499529558969,0.188320902669771,MEDWAY,9/15/2025 9:06:41 AM,46588959,9/14/2025 3:17:52 PM,9/15/2025 3:00:22 AM,20963.7869909285,6630134.58344829
SWS00766,Southern Water,0,3/15/2026 7:00:00 PM,51.046372484878,0.196997944872308,MEDWAY,3/15/2026 7:20:00 PM,46588960,3/15/2026 6:42:00 PM,3/15/2026 7:00:00 PM,21929.7109105067,6629500.58122868
SWS00577,Southern Water,0,1/27/2026 12:38:09 PM,51.0468443544005,0.191027878390204,CROWBOROUGH GHYLL,1/27/2026 1:20:00 PM,46588961,1/27/2026 6:39:10 AM,1/27/2026 12:38:09 PM,21265.1261497169,6629584.13344403
SWS00882,Southern Water,0,2/19/2026 9:06:28 AM,51.0498410985695,0.232262828792259,MEDWAY,2/19/2026 9:40:00 AM,46588962,2/18/2026 9:00:57 PM,2/19/2026 9:06:28 AM,25855.3798313596,6630114.77587298
SWS00668,Southern Water,0,2/19/2026 5:26:01 PM,50.8357542657658,0.466043634257823,ENGLISH CHANNEL,2/19/2026 6:20:00 PM,46588963,2/19/2026 11:36:39 AM,2/19/2026 5:26:01 PM,51879.7400530275,6592291.81735535
SWS00351,Southern Water,0,8/29/2025 6:59:46 AM,50.7852184671419,-0.658547342064215,ALDINGBOURNE,8/29/2025 6:51:00 AM,46588964,8/29/2025 6:20:15 AM,8/29/2025 6:59:46 AM,-73309.1547818522,6583388.93440149
SWS00012,Southern Water,0,8/29/2025 7:21:53 AM,50.7795788181301,-0.684524921302446,ENGLISH CHANNEL,8/29/2025 7:10:48 AM,46588965,8/29/2025 6:28:09 AM,8/29/2025 7:21:53 AM,-76200.965674694,6582395.99546496
SWS00171,Southern Water,0,2/18/2026 10:35:00 PM,50.800015751322,-0.686505495224874,ALDINGBOURNE,2/19/2026 12:40:00 PM,46588966,2/18/2026 7:52:00 PM,2/18/2026 10:35:00 PM,-76421.4421552171,6585994.77238466
SWS00952,Southern Water,0,4/4/2026 3:09:22 PM,50.9450105187898,-0.179203660325129,ADUR,4/4/2026 3:40:01 PM,46588967,4/4/2026 2:42:49 PM,4/4/2026 3:09:22 PM,-19948.8602156841,6611572.47832108
SWS00011,Southern Water,0,2/19/2026 2:10:51 PM,50.7780392011214,-0.699603410738031,ENGLISH CHANNEL,2/19/2026 3:00:00 PM,46588968,2/18/2026 7:19:13 PM,2/19/2026 2:10:51 PM,-77879.495440595,6582124.94520618
SWS00402,Southern Water,0,3/13/2026 12:07:57 PM,51.0957564749302,0.0530851810096417,MEDWAY,3/13/2026 12:40:00 PM,46588969,3/13/2026 2:48:01 AM,3/13/2026 12:07:57 PM,5909.41531866207,6638249.44535254
SWS00643,Southern Water,0,2/19/2026 3:10:41 AM,50.7258290173204,-1.15329923610177,MONKTONMEAD BROOK,2/19/2026 4:15:00 AM,46588970,2/18/2026 5:12:21 PM,2/19/2026 3:10:41 AM,-128384.68369512,6572938.59611378
SWS00321,Southern Water,0,6/13/2025 10:07:00 PM,51.3271943591888,1.3742391510603,ENGLISH CHANNEL,10/24/2025 10:35:00 AM,46588971,6/13/2025 9:55:00 PM,6/13/2025 10:07:00 PM,152979.602524213,6679375.97317493
SWS00122,Southern Water,0,2/12/2026 5:42:39 PM,51.2745405280765,1.34714373225371,STOUR,2/12/2026 6:10:00 PM,46588972,2/12/2026 5:40:41 PM,2/12/2026 5:42:39 PM,149963.354299833,6670001.19807627
SWS00179,Southern Water,0,1/27/2026 12:47:51 PM,51.1411993444029,0.871621125676274,STOUR,1/27/2026 1:30:00 PM,46588973,1/27/2026 10:23:04 AM,1/27/2026 12:47:51 PM,97028.4198749427,6646308.35978698
SWS00592,Southern Water,0,3/13/2026 3:24:08 AM,51.1236593866156,0.247396586682031,RIVER GROM,3/13/2026 4:00:00 AM,46588974,3/13/2026 3:03:43 AM,3/13/2026 3:24:08 AM,27540.0620534377,6643196.85496067
SWS00819,Southern Water,0,6/13/2025 10:36:59 PM,51.3850923924212,1.34399820677479,NORTH SEA,6/13/2025 10:45:26 PM,46588975,6/13/2025 10:07:28 PM,6/13/2025 10:36:59 PM,149613.196005242,6689696.88856654
SWS00005,Southern Water,0,2/18/2026 11:01:58 PM,50.891649742065,-0.321203692010941,ADUR,2/19/2026 12:00:00 AM,46588976,2/18/2026 8:04:27 PM,2/18/2026 11:01:58 PM,-35756.2314355774,6602150.14927508
SWS00258,Southern Water,0,2/20/2026 4:55:31 AM,51.1442758810526,-0.0710072311295449,FELBRIDGE WATER,2/20/2026 5:40:00 AM,46588977,2/18/2026 8:24:38 PM,2/20/2026 4:55:31 AM,-7904.48881198122,6646854.24456668
SWS00066,Southern Water,0,3/13/2026 4:30:17 AM,50.7315273227562,-1.18309467485728,BINSTEAD STREAM,3/13/2026 9:40:00 AM,46588978,3/13/2026 1:50:06 AM,3/13/2026 4:30:17 AM,-131701.496765346,6573940.71145365
SWS00193,Southern Water,0,2/18/2026 10:55:40 PM,50.6894994204614,-1.53831516085498,SOLENT,3/8/2026 11:45:00 AM,46588979,2/18/2026 9:35:08 PM,2/18/2026 10:55:40 PM,-171244.460385949,6566552.46455481
SWS00773,Southern Water,0,11/25/2024 7:00:00 AM,50.7968284834636,-0.667154630316707,ALDINGBOURNE,11/25/2024 3:42:16 AM,46588980,11/25/2024 2:36:04 AM,11/25/2024 7:00:00 AM,-74267.3137272305,6585433.41699538
SWS00441,Southern Water,0,3/13/2026 4:55:02 AM,50.9286446939882,-0.286288004602642,ADUR,3/13/2026 5:20:00 AM,46588981,3/13/2026 4:06:14 AM,3/13/2026 4:55:02 AM,-31869.4348925885,6608681.48784763
SWS00735,Southern Water,0,2/19/2026 1:53:33 AM,50.7219450535307,-1.11469365296971,SOLENT,2/19/2026 3:30:01 AM,46588982,2/18/2026 7:02:37 PM,2/19/2026 1:53:33 AM,-124087.129839082,6572255.62435366
SWS00597,Southern Water,0,2/18/2026 11:44:00 PM,50.7878419541062,-0.659890977048941,ALDINGBOURNE,2/19/2026 11:20:00 AM,46588983,2/18/2026 5:22:00 PM,2/18/2026 11:44:00 PM,-73458.7275441639,6583850.87672235
SWS00909,Southern Water,0,1/9/2026 3:07:22 PM,51.4296536710773,0.797165004905641,MINSTER MARSHES,1/9/2026 4:30:00 PM,46588984,1/9/2026 8:25:13 AM,1/9/2026 3:07:22 PM,88740.0024243134,6697649.28707124
SWS00886,Southern Water,0,3/13/2026 5:00:10 AM,51.1535447550224,0.28317035907548,SOMERHILL STREAM,3/13/2026 6:00:00 AM,46588985,3/13/2026 4:24:42 AM,3/13/2026 5:00:10 AM,31522.3801800309,6648499.08567548
SWS00753,Southern Water,0,6/13/2025 10:16:14 PM,51.3884005078011,1.36666745450265,NORTH SEA,6/13/2025 10:45:24 PM,46588986,6/13/2025 9:58:38 PM,6/13/2025 10:16:14 PM,152136.725118974,6690286.98808814
SWS00358,Southern Water,0,8/22/2021 5:53:24 AM,51.3174828358689,0.898970955158473,SWALE,10/16/2025 8:10:59 AM,46588987,8/22/2021 4:42:19 AM,8/22/2021 5:53:24 AM,100072.988966184,6677646.07155255
SWS00381,Southern Water,0,2/19/2026 1:39:00 PM,50.7586452305839,-1.3320574340958,SOLENT,2/19/2026 4:00:00 PM,46588988,2/18/2026 4:28:07 PM,2/19/2026 1:39:00 PM,-148283.955270939,6578711.39196753
SWS00104,Southern Water,0,5/2/2024 2:44:00 AM,50.802310605557,-0.507909580582614,ENGLISH CHANNEL,5/4/2024 11:12:24 AM,46588989,5/2/2024 2:18:00 AM,5/2/2024 2:44:00 AM,-56540.2358794817,6586398.97573885
SWS00576,Southern Water,0,1/15/2026 11:17:05 PM,51.2039425445109,0.29983554630192,MILL STREAM,1/16/2026 12:10:00 AM,46588990,1/15/2026 4:23:57 PM,1/15/2026 11:17:05 PM,33377.5403360527,6657448.39268761
SWS00683,Southern Water,0,10/25/2023 2:04:00 PM,51.381195967985,0.605207706761961,MEDWAY,10/16/2025 8:10:59 AM,46588991,10/25/2023 1:44:00 PM,10/25/2023 2:04:00 PM,67371.4137409063,6689001.90155703
SWS00682,Southern Water,0,7/31/2025 1:00:00 PM,51.381195967985,0.605207706761961,MEDWAY,1/12/2026 4:05:00 PM,46588992,7/31/2025 12:58:00 PM,7/31/2025 1:00:00 PM,67371.4137409063,6689001.90155703
SWS00820,Southern Water,0,3/13/2026 3:55:18 AM,51.3458573036993,0.731162961566204,MILTON CREEK,3/13/2026 4:20:00 AM,46588993,3/13/2026 3:22:09 AM,3/13/2026 3:55:18 AM,81392.6885684517,6682701.409138
SWS00743,Southern Water,0,7/6/2025 5:49:33 PM,51.3974285466846,0.55422779116896,MEDWAY,7/6/2025 6:20:15 PM,46588994,7/6/2025 5:22:18 PM,7/6/2025 5:49:33 PM,61696.3554964094,6691897.62104756
SWS00420,Southern Water,0,10/29/2025 3:02:00 PM,51.381195967985,0.605207706761961,MEDWAY,2/5/2026 3:50:00 PM,46588995,10/29/2025 2:58:00 PM,10/29/2025 3:02:00 PM,67371.4137409063,6689001.90155703
SWS00062,Southern Water,0,2/19/2026 6:23:12 AM,50.8457238715219,0.466711557093683,ENGLISH CHANNEL,2/19/2026 7:20:00 AM,46588996,2/18/2026 10:34:27 PM,2/19/2026 6:23:12 AM,51954.0928830046,6594049.29933764
SWS00183,Southern Water,0,1/27/2026 8:42:12 AM,50.8491270318224,0.534520174869043,ENGLISH CHANNEL,1/27/2026 10:05:00 AM,46588997,1/27/2026 8:38:33 AM,1/27/2026 8:42:12 AM,59502.5136851534,6594649.3080284
SWS00045,Southern Water,0,6/13/2025 11:06:00 PM,51.1320450554181,1.30636850526042,DOUR,6/13/2025 10:30:06 PM,46588998,6/13/2025 9:37:57 PM,6/13/2025 11:06:00 PM,145424.27679396,6644684.28515134
SWS00401,Southern Water,0,2/19/2026 12:41:42 AM,50.8332308017892,0.44062951708248,ENGLISH CHANNEL,2/19/2026 1:20:00 AM,46588999,2/18/2026 6:19:46 PM,2/19/2026 12:41:42 AM,49050.6534701077,6591847.03057409
SWS00018,Southern Water,0,1/4/2024 8:00:00 PM,51.2029315051194,-1.4848209539914,RIVER ANTON,1/4/2024 7:36:30 PM,46589000,1/4/2024 6:58:00 PM,1/4/2024 8:00:00 PM,-165289.512517505,6657268.76277444
SWS00023,Southern Water,0,3/17/2026 1:14:00 PM,50.8487416331454,-0.562967929270108,ARUN,3/17/2026 2:00:00 PM,46589001,3/17/2026 1:11:00 PM,3/17/2026 1:14:00 PM,-62669.3032192921,6594581.35647314
SWS00234,Southern Water,0,3/13/2026 2:43:03 AM,50.8042458773548,-0.542903092702707,ARUN,3/13/2026 3:20:00 AM,46589002,3/13/2026 2:27:58 AM,3/13/2026 2:43:03 AM,-60435.6958297587,6586739.85959522
SWS00629,Southern Water,0,2/19/2026 1:56:00 AM,50.8163096630526,-0.453092445719356,FERRING RIFE,2/19/2026 3:30:01 AM,46589003,2/18/2026 8:20:00 PM,2/19/2026 1:56:00 AM,-50438.0203397577,6588865.1248962
SWS00231,Southern Water,0,2/19/2026 2:00:37 AM,50.8535159230122,-0.553415974188007,ARUN,2/19/2026 5:15:00 AM,46589004,2/19/2026 12:49:51 AM,2/19/2026 2:00:37 AM,-61605.9844434724,6595423.1748395
SWS00912,Southern Water,0,10/28/2023 6:15:00 PM,50.8133716737891,-0.553549358555152,ARUN,10/16/2025 8:10:59 AM,46589005,10/28/2023 6:00:00 PM,10/28/2023 6:15:00 PM,-61620.8327233027,6588347.49164656
SWS00704,Southern Water,0,2/16/2026 8:59:15 PM,51.245076374073,0.293576580344943,RIVER BOURNE,2/16/2026 9:20:00 PM,46589006,2/16/2026 5:30:04 PM,2/16/2026 8:59:15 PM,32680.7954328296,6664759.92703356
SWS00545,Southern Water,0,1/8/2026 8:52:25 PM,51.4536374364806,0.307184671400767,TRIBUTARY OF THE RIVER THAMES,2/6/2026 4:05:00 PM,46589007,1/8/2026 8:12:13 PM,1/8/2026 8:52:25 PM,34195.6411998324,6701932.63678863
SWS00949,Southern Water,0,3/13/2026 3:45:03 AM,51.3736733164571,0.627916244979957,MEDWAY,3/13/2026 4:20:00 AM,46589008,3/13/2026 3:22:15 AM,3/13/2026 3:45:03 AM,69899.3166519932,6687660.2887376
SWS00198,Southern Water,0,1/27/2026 6:29:58 PM,50.8314397144762,0.427327958940633,ENGLISH CHANNEL,1/27/2026 7:10:00 PM,46589009,1/27/2026 9:58:15 AM,1/27/2026 6:29:58 PM,47569.9307910002,6591531.34739119
SWS00017,Southern Water,0,2/9/2026 2:12:00 AM,50.7973519284865,-0.611798176060639,ARUN,2/18/2026 2:35:00 PM,46589010,2/9/2026 1:00:00 AM,2/9/2026 2:12:00 AM,-68105.0614273239,6585525.60576743
SWS00437,Southern Water,0,2/18/2026 11:11:44 PM,50.8017185721001,-0.5786025319996,RYEBANK RIFE,2/19/2026 12:00:00 AM,46589011,2/18/2026 8:44:04 PM,2/18/2026 11:11:44 PM,-64409.7392338943,6586294.69623136
SWS00557,Southern Water,0,3/8/2026 8:12:49 PM,50.8300524076171,-0.639370499867533,LIDSEY RIFE,3/8/2026 8:40:00 PM,46589012,3/8/2026 7:54:08 PM,3/8/2026 8:12:49 PM,-71174.3984734946,6591286.83974983
SWS00277,Southern Water,0,2/1/2026 7:45:49 PM,50.655371787402,-1.14763466242064,ENGLISH CHANNEL,3/10/2026 7:15:00 PM,46589013,2/1/2026 5:03:43 PM,2/1/2026 7:45:49 PM,-127754.106237376,6560557.90445968
SWS00676,Southern Water,0,3/13/2026 9:02:42 AM,50.7376032557203,-1.16484936182187,SOLENT,3/13/2026 10:20:00 AM,46589014,3/13/2026 8:57:13 AM,3/13/2026 9:02:42 AM,-129670.43780888,6575009.37142026
SWS00313,Southern Water,0,11/18/2022 4:18:54 PM,50.6261512492003,-1.17361157469526,ENGLISH CHANNEL,10/16/2025 8:10:59 AM,46589015,11/17/2022 8:39:13 PM,11/18/2022 4:18:54 PM,-130645.842884168,6555428.74171064
SWS00247,Southern Water,0,4/11/2024 8:30:00 AM,50.7953370875343,0.0496811982454855,OUSE,4/11/2024 12:19:37 AM,46589016,4/10/2024 9:45:00 PM,4/11/2024 8:30:00 AM,5530.48569068712,6585170.75904728
SWS00135,Southern Water,0,4/21/2023 1:40:00 PM,50.8523648288448,-1.16649521249234,PORTSMOUTH HARBOUR,10/16/2025 8:10:59 AM,46589017,4/21/2023 1:15:00 PM,4/21/2023 1:40:00 PM,-129853.653067439,6595220.20227718
SWS00349,Southern Water,0,2/18/2026 11:50:00 PM,51.0462668405386,-0.720923756782735,ROTHER W,2/19/2026 12:40:00 AM,46589018,2/18/2026 10:26:00 PM,2/18/2026 11:50:00 PM,-80252.8655058279,6629481.87528743
SWS00754,Southern Water,0,2/19/2026 12:29:00 AM,50.7883849276311,0.0563152103773521,OUSE,2/19/2026 3:30:01 AM,46589019,2/18/2026 10:25:22 PM,2/19/2026 12:29:00 AM,6268.98054312291,6583946.48647684
SWS00048,Southern Water,0,11/15/2020 9:12:00 AM,50.7883849276311,0.0563152103773521,OUSE,10/16/2025 8:10:59 AM,46589020,11/15/2020 8:48:00 AM,11/15/2020 9:12:00 AM,6268.98054312291,6583946.48647684
SWS90126,Southern Water,0,1/15/2020 12:32:00 PM,50.784235,0.055842,OUSE,10/16/2025 8:10:59 AM,46589021,1/15/2020 12:17:00 PM,1/15/2020 12:32:00 PM,6216.30300487798,6583215.7726607
SWS90136,Southern Water,0,7/21/2025 9:03:00 AM,51.3607526704446,1.1245519567726,NORTH SEA,1/15/2026 12:10:00 PM,46589022,7/21/2025 7:35:00 AM,7/21/2025 9:03:00 AM,125184.551198505,6685356.49535824
SWS00279,Southern Water,0,1/9/2026 7:29:35 PM,51.3598586500544,1.12434739887979,BALANCING LAGOON ON THE PLENTY BROOK,1/9/2026 7:50:00 PM,46589023,1/9/2026 7:26:08 PM,1/9/2026 7:29:35 PM,125161.77991804,6685197.11264462
SWS00474,Southern Water,0,1/28/2026 8:17:39 AM,51.3767954890153,1.1401612814002,NORTH SEA,1/28/2026 9:05:00 AM,46589024,1/28/2026 4:48:14 AM,1/28/2026 8:17:39 AM,126922.173267677,6688217.07983447
SWS00044,Southern Water,0,3/21/2026 8:53:43 PM,51.4163047828807,0.881085981374372,BARROWS BROOK,3/21/2026 9:40:00 PM,46589025,3/21/2026 2:29:29 PM,3/21/2026 8:53:43 PM,98082.0427916868,6695266.23348183
SWS00418,Southern Water,0,1/27/2026 1:58:44 PM,51.4175446676211,0.866477386346984,HENS BROOK,3/27/2026 3:00:00 PM,46589026,1/27/2026 12:43:42 PM,1/27/2026 1:58:44 PM,96455.8214320328,6695487.54931998
SWS00590,Southern Water,0,10/23/2025 12:33:29 AM,51.3993889637412,0.898844179003665,WARREN BAY DRAIN,11/15/2025 10:20:01 AM,46589027,10/23/2025 12:00:47 AM,10/23/2025 12:33:29 AM,100058.876309186,6692247.40815026
SWS00908,Southern Water,0,10/29/2025 8:53:37 PM,51.404549283059,0.908374234012214,TRIBUTARY OF THE NORTH SEA,10/29/2025 10:00:00 PM,46589028,10/29/2025 4:22:05 PM,10/29/2025 8:53:37 PM,101119.75717997,6693168.20898234
SWS00511,Southern Water,0,10/23/2025 10:11:12 AM,51.4005693991992,0.916145250023706,SWALE,10/23/2025 12:55:00 PM,46589029,10/23/2025 7:32:12 AM,10/23/2025 10:11:12 AM,101984.822725315,6692458.03439127
SWS00077,Southern Water,0,3/13/2026 3:34:06 AM,50.7556811011237,-0.694693935228382,ENGLISH CHANNEL,3/13/2026 5:05:01 AM,46589030,3/13/2026 3:31:42 AM,3/13/2026 3:34:06 AM,-77332.9751267988,6578189.79705074
SWS90023,Southern Water,0,2/17/2020 9:33:00 PM,50.8402183456643,0.492984506288379,ENGLISH CHANNEL,10/16/2025 8:10:59 AM,46589031,2/17/2020 12:12:00 PM,2/17/2020 9:33:00 PM,54878.7842089957,6593078.71679184
SWS00515,Southern Water,0,10/22/2025 11:29:22 PM,50.8495300651525,0.469611897131681,ENGLISH CHANNEL,2/16/2026 4:10:00 PM,46589032,10/22/2025 10:42:59 PM,10/22/2025 11:29:22 PM,52276.9572591619,6594720.36943748
SWS00623,Southern Water,0,2/3/2026 1:30:38 PM,50.7051172598685,-1.50898894239766,SOLENT,2/3/2026 2:30:00 PM,46589033,2/3/2026 11:34:05 AM,2/3/2026 1:30:38 PM,-167979.880680388,6569297.21143119
SWS90037,Southern Water,0,2/29/2024 10:15:00 AM,50.6973145172203,-1.41604406926965,IOW STREAMS,2/29/2024 10:32:15 AM,46589034,2/29/2024 9:57:27 AM,2/29/2024 10:15:00 AM,-157633.304731932,6567925.80932579
SWS00031,Southern Water,0,2/19/2026 12:30:00 AM,50.9170878583815,0.477598921793361,POWDERMILL STREAM,2/19/2026 1:00:00 AM,46589035,2/18/2026 7:15:00 PM,2/19/2026 12:30:00 AM,53166.0687774534,6606640.60846163
SWS00042,Southern Water,0,3/30/2026 3:02:06 AM,50.9642106460456,-0.66108843777543,GRAFFHAM STREAM,3/30/2026 3:40:00 AM,46589036,3/30/2026 12:50:50 AM,3/30/2026 3:02:06 AM,-73592.0282624816,6614965.44039552
SWS00489,Southern Water,0,1/27/2026 3:50:57 PM,51.0124829294722,-0.462255592828196,BROCKHURST BROOK,1/27/2026 4:50:00 PM,46589037,1/27/2026 6:17:44 AM,1/27/2026 3:50:57 PM,-51458.0572099776,6623502.10554202
SWS00071,Southern Water,0,1/27/2026 12:32:00 PM,50.9667087683115,-0.0906219018846723,TRIBUTARY OF THE RIVER ADUR,1/27/2026 5:30:00 PM,46589038,1/27/2026 8:48:00 AM,1/27/2026 12:32:00 PM,-10087.9839725197,6615407.00066254
SWS00080,Southern Water,0,2/19/2026 1:57:18 AM,50.8530949595956,0.247022270815875,UNNAMED TRIBUTARY OF GLYNLEIGH LEVELS,2/19/2026 3:30:01 AM,46589039,2/18/2026 5:43:29 PM,2/19/2026 1:57:18 AM,27498.3934018213,6595348.94573252
SWS00093,Southern Water,0,2/19/2026 4:06:22 AM,50.9866842612518,0.610550707628365,TRIBUTARY OF THE RIVER ROTHER,2/19/2026 4:50:00 AM,46589040,2/18/2026 7:35:52 PM,2/19/2026 4:06:22 AM,67966.1938766625,6618938.66063506
SWS00096,Southern Water,0,1/27/2026 12:59:41 PM,51.0272060742738,-0.551751580628724,KIRD,1/27/2026 1:50:00 PM,46589041,1/27/2026 10:17:12 AM,1/27/2026 12:59:41 PM,-61420.7049999734,6626107.57395776
SWS00102,Southern Water,0,2/19/2026 12:05:42 AM,50.9848415603821,0.286707362806061,TRIBUTARY OF RIVER ROTHER,2/19/2026 12:40:00 AM,46589042,2/18/2026 10:15:26 PM,2/19/2026 12:05:42 AM,31916.1176342531,6618612.80816479
SWS00297,Southern Water,0,2/19/2026 4:39:23 AM,50.9701318704364,-0.135491011870905,HOLMBUSH GILL (EASTERN ADUR),2/19/2026 5:25:00 AM,46589043,2/18/2026 7:20:37 PM,2/19/2026 4:39:23 AM,-15082.7904485345,6616012.09603683
SWS00123,Southern Water,0,2/11/2024 10:00:00 AM,50.8802839919172,0.60232211123215,DOLEHAM DITCH,2/11/2024 10:31:48 AM,46589044,2/11/2024 9:30:00 AM,2/11/2024 10:00:00 AM,67050.1907158924,6600144.60482401
SWS00136,Southern Water,0,2/22/2026 9:25:14 PM,50.9321207656016,0.481244612353556,STANBRIDGE STREAM,2/22/2026 10:00:00 PM,46589045,2/22/2026 8:51:06 PM,2/22/2026 9:25:14 PM,53571.9051942042,6609295.44390524
SWS00079,Southern Water,0,2/6/2026 11:30:00 PM,50.978857717551,-0.21036078894979,BOLNEY SEWER,2/7/2026 12:10:00 AM,46589046,2/5/2026 6:48:37 PM,2/6/2026 11:30:00 PM,-23417.2559087619,6617554.7495023
SWS00164,Southern Water,0,7/6/2025 4:36:00 PM,51.1373270929514,-0.0105428679065774,MEDWAY,7/6/2025 4:40:11 PM,46589047,7/6/2025 3:42:00 PM,7/6/2025 4:36:00 PM,-1173.62668686094,6645621.33918898
SWS00170,Southern Water,0,2/19/2026 1:06:14 AM,50.8484217221224,0.43247187598514,ENGLISH CHANNEL,2/19/2026 3:30:01 AM,46589048,2/18/2026 6:19:56 PM,2/19/2026 1:06:14 AM,48142.5490170775,6594524.95179789
SWS00177,Southern Water,0,2/19/2026 11:34:49 PM,50.8353229385566,-0.874976815498396,CHIDHAM STREAM,2/20/2026 12:20:00 AM,46589049,2/18/2026 6:43:48 PM,2/19/2026 11:34:49 PM,-97401.9735572015,6592215.78974297
SWS00181,Southern Water,0,6/28/2021 11:40:00 PM,50.7364392823487,-0.786635805706346,ENGLISH CHANNEL,10/16/2025 8:10:59 AM,46589050,6/28/2021 10:40:00 PM,6/28/2021 11:40:00 PM,-87567.8973309869,6574804.63628282
SWS00199,Southern Water,0,2/19/2026 3:56:02 AM,50.9070206457761,-0.00629703907695321,NORTH END STREAM (TRIBUTARY OF THE RIVER OUSE),2/19/2026 4:50:00 AM,46589051,2/18/2026 9:40:32 PM,2/19/2026 3:56:02 AM,-700.983183551777,6604863.20207505
SWS00201,Southern Water,0,2/15/2026 2:33:05 PM,50.9894361136673,0.104533308184887,TRIBUTARY OF RIVER UCK,2/15/2026 3:20:00 PM,46589052,2/15/2026 1:47:23 PM,2/15/2026 2:33:05 PM,11636.594638078,6619425.30624377
SWS00205,Southern Water,0,7/15/2024 6:37:00 PM,50.8207911122582,-0.345795369233523,TRIBUTARY OF THE TEVILLE STREAM,7/15/2024 6:31:10 PM,46589053,7/15/2024 5:54:00 PM,7/15/2024 6:37:00 PM,-38493.7644217478,6589654.75725507
SWS00210,Southern Water,0,1/27/2026 1:42:09 PM,51.0762960112508,0.359743854690681,MEDWAY,1/27/2026 2:35:00 PM,46589054,1/27/2026 7:30:23 AM,1/27/2026 1:42:09 PM,40046.502720176,6634800.71631589
SWS00613,Southern Water,0,11/20/2024 1:06:00 PM,50.9561312410047,0.738856173999614,ROTHER,11/20/2024 2:02:14 PM,46589055,11/20/2024 1:03:46 PM,11/20/2024 1:06:00 PM,82249.0930591034,6613537.512624
SWS00315,Southern Water,0,10/22/2025 11:16:00 PM,50.9523753942959,0.737923265558904,ROTHER,11/5/2025 9:10:00 AM,46589056,10/22/2025 10:50:00 PM,10/22/2025 11:16:00 PM,82145.2421665268,6612873.80102082
SWS00490,Southern Water,0,2/24/2026 8:51:43 AM,50.8786111662671,0.501999923599655,POWDERMILL STREAM,2/24/2026 10:20:00 AM,46589057,2/24/2026 8:43:33 AM,2/24/2026 8:51:43 AM,55882.3758733758,6599849.46752695
SWS00239,Southern Water,0,1/27/2026 10:04:00 AM,50.9444334979343,-0.176806164421834,ADUR,1/27/2026 5:10:00 PM,46589058,1/27/2026 8:32:00 AM,1/27/2026 10:04:00 AM,-19681.9721925504,6611470.53142544
SWS00266,Southern Water,0,2/19/2026 12:32:00 AM,50.7336762027762,-0.771827930133285,ENGLISH CHANNEL,2/19/2026 1:00:00 AM,46589059,2/18/2026 7:30:00 PM,2/19/2026 12:32:00 AM,-85919.4921624636,6574318.64942573
SWS00292,Southern Water,0,3/13/2026 7:27:19 AM,50.9915830661761,0.596574170305182,LOWER ROTHER,3/13/2026 8:00:00 AM,46589060,3/13/2026 3:01:21 AM,3/13/2026 7:27:19 AM,66410.3328587925,6619804.99962493
SWS00583,Southern Water,0,2/19/2026 12:20:40 AM,50.9528101022111,0.739330103252945,ROTHER E,2/19/2026 5:15:00 AM,46589061,2/19/2026 12:18:24 AM,2/19/2026 12:20:40 AM,82301.8506222562,6612950.61735561
SWS90087,Southern Water,0,1/31/2026 10:08:00 PM,51.1606063598417,-0.40255993843023,UNNAMED TRIBUTARY OF HOLDEN BROOK,2/13/2026 4:50:00 PM,46589062,1/30/2026 3:40:00 AM,1/31/2026 10:08:00 PM,-44812.7673598248,6649752.44972025
SWS00331,Southern Water,0,7/6/2025 4:36:20 PM,50.9677507075663,0.105119590521007,FRAMFIELD STREAM,7/6/2025 4:40:26 PM,46589063,7/6/2025 4:00:49 PM,7/6/2025 4:36:20 PM,11701.8592891959,6615591.17759927
SWS00333,Southern Water,0,3/6/2026 3:22:00 PM,50.9667814109758,-0.134058514935726,HOLMBUSH GILL (EASTERN ADUR),3/6/2026 4:00:00 PM,46589064,3/6/2026 2:40:00 PM,3/6/2026 3:22:00 PM,-14923.3256191475,6615419.84110764
SWS00346,Southern Water,0,2/23/2026 8:33:45 PM,50.9496310343543,0.728364184140618,RIVER TILLINGHAM,2/23/2026 9:00:00 PM,46589065,2/23/2026 7:53:18 PM,2/23/2026 8:33:45 PM,81081.1300905917,6612388.86744808
SWS00348,Southern Water,0,1/15/2026 9:06:26 PM,51.1324198508204,0.00296806056144298,MEDWAY,1/15/2026 9:30:00 PM,46589066,1/15/2026 5:22:45 PM,1/15/2026 9:06:26 PM,330.40299034343,6644750.77178295
SWS00352,Southern Water,0,2/4/2026 8:06:23 PM,50.8601887387749,0.0697185479593299,OUSE,2/5/2026 2:15:00 PM,46589067,2/3/2026 3:35:08 PM,2/4/2026 8:06:23 PM,7761.03325767903,6596599.89188422
SWS00353,Southern Water,0,1/28/2026 12:48:31 AM,50.858419081497,0.0680771076327676,GLYNDE REACH,1/28/2026 1:30:00 AM,46589068,1/27/2026 9:38:50 AM,1/28/2026 12:48:31 AM,7578.30895635857,6596287.80543822
SWS00361,Southern Water,0,9/27/2024 4:22:00 AM,50.7606273496306,0.287214705323578,ENGLISH CHANNEL,10/16/2025 8:10:59 AM,46589069,9/27/2024 4:07:44 AM,9/27/2024 4:22:00 AM,31972.5947449608,6579060.20191997
SWS90105,Southern Water,0,11/16/2022 11:42:00 PM,50.9620045224737,0.109559466138955,OUSE,10/16/2025 8:10:59 AM,46589070,11/16/2022 10:37:00 PM,11/16/2022 11:42:00 PM,12196.1039821714,6614575.51264592
SWS00412,Southern Water,0,3/13/2026 10:38:26 PM,51.1231776501709,-0.0677421088471984,MEDWAY,3/13/2026 11:20:00 PM,46589071,3/13/2026 8:39:18 PM,3/13/2026 10:38:26 PM,-7541.01706213264,6643111.41388634
SWS00413,Southern Water,0,4/4/2026 12:52:41 PM,51.3990266684529,0.55517952984841,OUSE,4/4/2026 1:20:00 PM,46589072,4/4/2026 12:38:25 PM,4/4/2026 12:52:41 PM,61802.302561574,6692182.76454159
SWS00447,Southern Water,0,2/23/2026 10:42:57 PM,50.8789095867024,0.244127209271065,CUCKMERE,2/23/2026 11:40:00 PM,46589073,2/21/2026 10:43:51 PM,2/23/2026 10:42:57 PM,27176.1166248379,6599902.11718698
SWS00427,Southern Water,0,9/29/2024 7:08:00 PM,50.8207171629978,0.244175159494929,LANGNEY SEWER AT EASTBOURNE,9/29/2024 8:15:57 PM,46589074,9/29/2024 7:00:00 PM,9/29/2024 7:08:00 PM,27181.4544193419,6589641.72676382
SWS00816,Southern Water,0,1/27/2025 12:06:00 AM,51.0448600486527,0.41050684157286,TRIBUTARY OF THE RIVER LIMDEN,12/10/2025 11:25:00 AM,46589075,1/26/2025 11:50:00 PM,1/27/2025 12:06:00 AM,45697.4125710458,6629232.78539842
SWS00975,Southern Water,0,10/3/2025 11:42:00 PM,50.8916476977404,-0.321061573365242,ADUR,10/15/2025 9:45:11 AM,46589076,10/3/2025 11:20:00 PM,10/3/2025 11:42:00 PM,-35740.410860306,6602149.7884996
SWS00435,Southern Water,0,6/30/2025 3:14:44 AM,50.9552266477854,0.727552808099238,TILLINGHAM,10/16/2025 8:10:59 AM,46589077,6/30/2025 3:12:56 AM,6/30/2025 3:14:44 AM,80990.8081228235,6613377.65321533
SWS00446,Southern Water,0,5/28/2025 3:26:00 PM,50.9286511854788,0.253209736512791,CUCKMERE,5/28/2025 12:45:09 PM,46589078,5/28/2025 2:20:00 PM,5/28/2025 3:26:00 PM,28187.1789325029,6608682.63435489
SWS00455,Southern Water,0,2/19/2026 11:45:00 AM,50.9453739946278,0.230100948267824,CUCKMERE,2/19/2026 5:00:00 PM,46589079,2/18/2026 7:28:34 PM,2/19/2026 11:45:00 AM,25614.7203922236,6611636.69715788
SWS00458,Southern Water,0,2/19/2026 3:46:57 AM,50.9483060343082,-0.182918790923102,TRIBUTARY OF HERRINGS STREAM,2/19/2026 4:50:00 AM,46589080,2/18/2026 7:14:04 PM,2/19/2026 3:46:57 AM,-20362.426662081,6612154.74769226
SWS00588,Southern Water,0,7/6/2025 4:38:00 PM,51.1312643274011,-0.00308511836785024,TRIBUTARY OF THE MEDWAY,7/6/2025 4:40:22 PM,46589081,7/6/2025 3:52:00 PM,7/6/2025 4:38:00 PM,-343.433805746064,6644545.79005161
SWS00464,Southern Water,0,1/9/2026 1:02:08 AM,50.9992982824973,-0.785920154692163,ROTHER,1/9/2026 1:35:00 AM,46589082,1/8/2026 6:55:20 PM,1/9/2026 1:02:08 AM,-87488.2314245024,6621169.59797718
SWS00465,Southern Water,0,7/6/2025 3:38:59 PM,50.8192377160759,-0.368963220091802,TEVILLE STREAM,7/6/2025 4:00:20 PM,46589083,7/6/2025 3:18:53 PM,7/6/2025 3:38:59 PM,-41072.7977820659,6589381.03991699
SWS00467,Southern Water,0,2/19/2026 9:14:07 AM,50.9771670588102,0.00967012590648838,OUSE,2/19/2026 10:00:01 AM,46589084,2/18/2026 8:10:15 PM,2/19/2026 9:14:07 AM,1076.47349181713,6617255.83318003
SWS00469,Southern Water,0,2/22/2026 1:48:08 PM,51.0690017541595,0.328824757745347,TRIBUTARY OF RIVER TEISE,2/22/2026 2:20:00 PM,46589085,2/22/2026 1:38:23 PM,2/22/2026 1:48:08 PM,36604.6045924336,6633508.42217087
SWS00724,Southern Water,0,2/15/2026 7:14:59 PM,51.0828487860419,-0.45849561673441,ARUN,2/15/2026 8:00:00 PM,46589086,2/15/2026 4:39:09 PM,2/15/2026 7:14:59 PM,-51039.4985858224,6635961.81874932
SWS00479,Southern Water,0,9/3/2025 12:20:52 PM,50.8925545398319,-0.315341163805448,ADUR,2/6/2026 3:50:00 PM,46589087,9/3/2025 11:54:06 AM,9/3/2025 12:20:52 PM,-35103.6177809807,6602309.8264742
SWS00495,Southern Water,0,2/23/2026 2:29:25 AM,50.8917792994704,0.133402294933791,TRIBUTARY OF GLYNDE REACH/ RIVER OUSE,2/23/2026 3:00:00 AM,46589088,2/22/2026 12:49:50 PM,2/23/2026 2:29:25 AM,14850.2755426837,6602173.01315938
SWS00502,Southern Water,0,3/13/2026 5:13:04 AM,51.007764719785,-0.076961958838077,SCRASE BRIDGE STREAM,3/13/2026 6:00:00 AM,46589089,3/13/2026 2:58:51 AM,3/13/2026 5:13:04 AM,-8567.36606830761,6622667.32671473
SWS00512,Southern Water,0,2/19/2026 10:09:53 AM,50.9540475112291,0.213856360439848,BULL RIVER ,2/19/2026 10:40:00 AM,46589090,2/18/2026 6:26:22 PM,2/19/2026 10:09:53 AM,23806.3811470667,6613169.28127234
SWS00523,Southern Water,0,2/19/2026 1:00:52 AM,50.87574,0.66478422,TRIBUTARY OF THE MARSHAM SEWER,2/19/2026 3:30:01 AM,46589091,2/18/2026 10:16:26 PM,2/19/2026 1:00:52 AM,74003.4408578036,6599342.93121387
SWS00295,Southern Water,0,3/13/2026 4:20:19 AM,50.879230573993,0.672780992526543,TRIBUTARY OF THE MARSHAM SEWER,3/13/2026 5:00:00 AM,46589092,3/13/2026 4:16:31 AM,3/13/2026 4:20:19 AM,74893.637503448,6599958.74864397
SWS00530,Southern Water,0,1/27/2026 9:40:01 PM,50.9336605953317,0.802585436062003,GULDEFORD SEWER,2/6/2026 4:30:00 PM,46589093,1/27/2026 9:14:06 PM,1/27/2026 9:40:01 PM,89343.4020605196,6609567.42874155
SWS00540,Southern Water,0,2/20/2026 8:55:50 PM,50.807777000584,-0.780104871443731,BREMERE RIFE,2/20/2026 9:40:00 PM,46589094,2/20/2026 5:43:38 PM,2/20/2026 8:55:50 PM,-86840.8770544683,6587361.87730036
SWS00543,Southern Water,0,3/13/2026 11:29:37 PM,50.9583196529355,-0.161339323899583,POOK BOURNE,3/14/2026 12:00:00 AM,46589095,3/13/2026 11:28:52 PM,3/13/2026 11:29:37 PM,-17960.2113814326,6613924.26091333
SWS00567,Southern Water,0,1/30/2026 8:52:00 PM,50.9633959110026,0.747402251972464,ROTHER E,1/31/2026 3:50:00 PM,46589096,1/30/2026 6:19:45 PM,1/30/2026 8:52:00 PM,83200.4381073206,6614821.43551604
SWS00569,Southern Water,0,10/20/2025 7:10:00 PM,51.0085597638372,-0.103586536505037,SCRASE BRIDGE STREAM ,10/24/2025 11:10:00 AM,46589097,10/20/2025 6:54:00 PM,10/20/2025 7:10:00 PM,-11531.2004967796,6622807.98554867
SWS00307,Southern Water,0,2/15/2026 8:42:00 PM,51.1271217547419,-0.077867622557839,MEDWAY,2/15/2026 9:40:00 PM,46589098,2/15/2026 8:24:00 PM,2/15/2026 8:42:00 PM,-8668.18409242146,6643810.96893502
SWS00606,Southern Water,0,1/27/2026 2:05:54 PM,51.0087157780593,-0.074641754207217,SCRASE STREAM,1/27/2026 2:50:00 PM,46589099,1/27/2026 11:18:27 AM,1/27/2026 2:05:54 PM,-8309.08207026408,6622835.58779723
SWS00612,Southern Water,0,2/21/2026 9:02:02 AM,50.8137959886926,-0.753971248402658,PAGHAM RIFE,2/21/2026 10:00:00 AM,46589100,2/21/2026 8:57:34 AM,2/21/2026 9:02:02 AM,-83931.6954449527,6588422.24807764
SWS00616,Southern Water,0,12/19/2025 5:35:06 PM,51.1195116193995,-0.621882340463373,UN-NAMED TRIBUTARY OF THE RIVER ARUN,12/23/2025 9:55:00 AM,46589101,12/19/2025 2:13:51 PM,12/19/2025 5:35:06 PM,-69227.6254737119,6642461.23358669
SWS00615,Southern Water,0,2/19/2026 10:10:53 AM,50.9881707871368,0.47625337291439,LOWER ROTHER,2/19/2026 11:00:00 AM,46589102,2/19/2026 9:54:15 AM,2/19/2026 10:10:53 AM,53016.2829614089,6619201.5386259
SWS00624,Southern Water,0,2/6/2026 5:50:45 PM,51.0293450347665,0.0604171924526872,TRIBUTARY OF SHORTBRIDGE STREAM,2/6/2026 6:50:00 PM,46589103,2/6/2026 12:09:21 PM,2/6/2026 5:50:45 PM,6725.61109899235,6626486.16207037
SWS00751,Southern Water,0,12/10/2025 3:48:33 PM,50.8427634266287,-0.897935630070304,HAM BROOK,12/10/2025 4:10:00 PM,46589104,12/10/2025 3:27:07 PM,12/10/2025 3:48:33 PM,-99957.7371045635,6593527.38107173
SWS00626,Southern Water,0,12/22/2024 12:18:00 AM,51.0446240435575,0.404502286235895,BREDE,12/22/2024 1:31:16 AM,46589105,12/21/2024 11:38:00 PM,12/22/2024 12:18:00 AM,45028.9885284948,6629190.99852067
SWS00628,Southern Water,0,3/13/2026 8:16:05 AM,51.0698141599091,-0.514452803020147,LOXWOOD STREAM,3/13/2026 8:40:00 AM,46589106,3/13/2026 7:56:20 AM,3/13/2026 8:16:05 AM,-57268.624069375,6633652.34274551
SWS00634,Southern Water,0,3/24/2026 10:26:00 PM,50.8100912363475,0.254170333427943,WILLINGDON SEWER,3/24/2026 11:00:00 PM,46589107,3/24/2026 10:24:00 PM,3/24/2026 10:26:00 PM,28294.1120919552,6587769.56221668
SWS00645,Southern Water,0,3/13/2026 11:33:12 AM,51.1125089176618,-0.0697588341420445,MEDWAY,3/13/2026 12:20:00 PM,46589108,3/13/2026 2:54:42 AM,3/13/2026 11:33:12 AM,-7765.51789502482,6641219.42920868
SWS00649,Southern Water,0,2/19/2026 12:00:00 PM,50.8491355293023,0.437055465148832,ENGLISH CHANNEL,2/19/2026 12:40:00 PM,46589109,2/18/2026 7:00:00 PM,2/19/2026 12:00:00 PM,48652.7918287853,6594650.80626762
SWS00650,Southern Water,0,2/19/2026 10:41:35 PM,50.9729130202308,0.694113932884042,TRIBUTARY OF THE RIVER ROTHER,2/19/2026 11:20:00 PM,46589110,2/18/2026 6:42:12 PM,2/19/2026 10:41:35 PM,77268.409561168,6616503.7475312
SWS00698,Southern Water,0,3/13/2026 5:12:00 AM,51.0057282456378,-0.0898752146008796,SCRASE BRIDGE STREAM,3/13/2026 6:00:00 AM,46589111,3/13/2026 4:26:00 AM,3/13/2026 5:12:00 AM,-10004.8631243061,6622307.04562675
SWS00920,Southern Water,1,4/4/2026 11:06:08 AM,51.004188736174,-0.0892257596956837,SCRASE STREAM VIA  A DITCH,4/4/2026 12:00:00 PM,46589112,4/4/2026 11:06:08 AM,,-9932.5661349665,6622034.69512004
SWS00653,Southern Water,0,2/5/2026 9:12:00 PM,51.004188736174,-0.0892257596956837,SCRASE STREAM VIA  A DITCH,2/6/2026 1:50:00 AM,46589113,2/5/2026 8:00:00 PM,2/5/2026 9:12:00 PM,-9932.5661349665,6622034.69512004
SWS00749,Southern Water,0,1/27/2026 2:10:00 PM,51.0326119972529,0.00707610948082851,SHEFFIELD PARK STREAM,1/27/2026 5:50:00 PM,46589114,1/27/2026 7:12:00 AM,1/27/2026 2:10:00 PM,787.708904203285,6627064.43609592
SWS00662,Southern Water,0,2/18/2026 11:36:34 PM,50.8153566067795,0.324983376575907,MILL DITCH,2/19/2026 12:20:00 AM,46589115,2/18/2026 8:28:23 PM,2/18/2026 11:36:34 PM,36176.9839967086,6588697.20593705
SWS00663,Southern Water,0,1/27/2026 3:00:00 PM,50.818148800191,0.311208068238996,ENGLISH CHANNEL,2/16/2026 9:25:00 PM,46589116,1/27/2026 2:41:00 PM,1/27/2026 3:00:00 PM,34643.5236871234,6589189.17210612
SWS00673,Southern Water,0,1/27/2026 1:26:27 PM,51.0153340239354,-0.0943279913232829,SCRASE BRIDGE STREAM,1/27/2026 1:50:00 PM,46589117,1/27/2026 12:52:09 PM,1/27/2026 1:26:27 PM,-10500.5439616602,6624006.58238402
SWS00003,Southern Water,0,8/9/2021 8:06:00 AM,51.0694669781718,0.32894804135561,UN-NAMED TRIBUTARY OF THE BARTLEY MILL STREAM,10/16/2025 8:10:59 AM,46589118,8/9/2021 7:22:00 AM,8/9/2021 8:06:00 AM,36618.3284611512,6633590.83795398
SWS00243,Southern Water,0,1/20/2026 11:42:00 PM,51.1241965837227,-0.0158232196528399,TRIBUTARY OF THE MEDWAY,1/21/2026 12:10:00 AM,46589119,1/20/2026 11:22:00 PM,1/20/2026 11:42:00 PM,-1761.43275446426,6643292.13362328
SWS00686,Southern Water,0,2/19/2026 4:30:33 AM,50.9592929465292,0.318918769406726,UNNAMED TRIBUTARY OF WARBLETON STREAM,2/19/2026 5:20:00 AM,46589120,2/19/2026 4:02:00 AM,2/19/2026 4:30:33 AM,35501.8750147742,6614096.27260521
SWS00471,Southern Water,0,2/6/2026 6:02:39 PM,51.0517955444724,-0.313278573123668,HORN BROOK,2/6/2026 6:30:00 PM,46589121,2/6/2026 1:51:56 PM,2/6/2026 6:02:39 PM,-34874.01123657,6630460.87393761
SWS90045,Southern Water,0,10/30/2023 3:15:37 AM,50.9378806273409,-0.391844164253015,UN-NAMED DITCH TO LANCING BROOK,10/16/2025 8:10:59 AM,46589122,10/28/2023 6:14:49 PM,10/30/2023 3:15:37 AM,-43619.8928349615,6610312.87206792
SWS00720,Southern Water,0,9/3/2025 11:37:42 AM,50.8327826963857,-0.280712812075729,ADUR,9/3/2025 12:30:32 PM,46589123,9/3/2025 11:35:14 AM,9/3/2025 11:37:42 AM,-31248.8072994181,6591768.04984874
SWS00722,Southern Water,0,7/21/2025 7:21:00 AM,51.0225696822001,0.252057442170085,OUSE,7/21/2025 5:15:47 AM,46589124,7/21/2025 4:30:00 AM,7/21/2025 7:21:00 AM,28058.9061130289,6625287.00964453
SWS00725,Southern Water,-1,2/23/2026 9:38:47 AM,50.9884136076272,-0.111304434833478,UN-NAMED TRIBUTARY OF THE RIVER ADUR,2/23/2026 10:20:00 AM,46589125,2/23/2026 9:38:47 AM,2/23/2026 9:55:20 AM,-12390.3530086959,6619244.47992438
SWS00728,Southern Water,0,2/19/2026 7:01:12 PM,50.9712694348806,0.706839758962317,ROTHER E,2/19/2026 8:00:00 PM,46589126,2/18/2026 10:31:49 PM,2/19/2026 7:01:12 PM,78685.0420401254,6616213.19105301
SWS00762,Southern Water,0,11/16/2022 9:45:00 PM,50.930860601188,0.53568884645207,BREDE,10/16/2025 8:10:59 AM,46589127,11/16/2022 8:56:00 PM,11/16/2022 9:45:00 PM,59632.6096106805,6609072.86390945
SWS00685,Southern Water,0,3/17/2026 1:04:18 PM,50.9096327753418,-0.759663997807536,LAVANT,3/17/2026 2:00:00 PM,46589128,3/12/2026 2:46:55 PM,3/17/2026 1:04:18 PM,-84565.4094099174,6605324.34699544
SWS00787,Southern Water,0,3/1/2026 11:48:00 AM,50.8243193997333,-0.355538760772549,TRIBUTARY OF THE TEVILLE STREAM,3/17/2026 12:35:00 PM,46589129,3/1/2026 11:32:00 AM,3/1/2026 11:48:00 AM,-39578.3938064717,6590276.49562418
SWS00791,Southern Water,0,1/27/2026 10:37:30 AM,50.9493442053207,-0.0200050244386909,LONGFORD STREAM,1/27/2026 11:10:00 AM,46589130,1/27/2026 10:15:51 AM,1/27/2026 10:37:30 AM,-2226.94913382206,6612338.18587004
SWS00800,Southern Water,0,2/18/2026 11:19:37 PM,50.8169267483699,0.244845254529001,WANNOCK MILL STREAM,2/19/2026 5:05:00 AM,46589131,2/18/2026 11:09:32 PM,2/18/2026 11:19:37 PM,27256.0490573178,6588973.85096936
SWS00814,Southern Water,0,1/27/2026 12:23:36 PM,50.9485089329065,0.730961071399348,RIVER TILLINGHAM,1/27/2026 12:50:01 PM,46589132,1/27/2026 12:17:37 PM,1/27/2026 12:23:36 PM,81370.2142578811,6612190.59825473
SWS00229,Southern Water,0,3/13/2026 5:02:00 AM,51.0978959707117,0.038754088342786,MEDWAY,3/13/2026 5:40:00 AM,46589133,3/13/2026 4:14:00 AM,3/13/2026 5:02:00 AM,4314.08538047648,6638628.68936952
SWS00825,Southern Water,0,1/25/2023 10:48:00 AM,50.8566876656184,0.263095505445275,HORSE EYE SEWER,10/16/2025 8:10:59 AM,46589134,1/25/2023 8:24:00 AM,1/25/2023 10:48:00 AM,29287.6576961669,6595982.47448471
SWS00054,Southern Water,0,2/3/2026 7:28:59 PM,50.9681912560863,0.0906113501789047,UCK,2/3/2026 7:50:00 PM,46589135,2/3/2026 7:00:36 PM,2/3/2026 7:28:59 PM,10086.8093620067,6615669.05178561
SWS00837,Southern Water,0,2/19/2026 6:23:16 AM,50.9358241080275,-0.0600194663914012,OUSE,2/19/2026 7:20:00 AM,46589136,2/18/2026 10:54:09 PM,2/19/2026 6:23:16 AM,-6681.33643637478,6609949.59182381
SWS90017,Southern Water,0,2/19/2026 3:51:00 AM,50.8275524311632,-0.850017073930083,CHICHESTER HARBOUR,3/15/2026 7:10:00 PM,46589137,2/18/2026 8:28:00 PM,2/19/2026 3:51:00 AM,-94623.4678354852,6590846.24660262
SWS00861,Southern Water,0,1/8/2026 6:00:00 PM,50.8306043885789,-0.2431609000663,ADUR,1/8/2026 6:50:00 PM,46589138,1/8/2026 5:38:00 PM,1/8/2026 6:00:00 PM,-27068.5475762146,6591384.12345787
SWS00863,Southern Water,0,2/19/2026 12:22:00 AM,51.0483937605809,-0.726286494051217,ROTHER W,2/19/2026 1:00:00 AM,46589139,2/18/2026 8:50:00 PM,2/19/2026 12:22:00 AM,-80849.8426878134,6629858.48713147
SWS00866,Southern Water,0,3/8/2026 7:37:06 PM,50.8074013931989,0.158653787171095,CUCKMERE,3/8/2026 8:20:00 PM,46589140,3/8/2026 7:36:29 PM,3/8/2026 7:37:06 PM,17661.2588003107,6587295.71072423
SWS00868,Southern Water,0,9/22/2024 7:58:58 PM,51.0176463873239,0.274062529322757,ROTHER,9/22/2024 9:31:52 PM,46589141,9/22/2024 7:37:08 PM,9/22/2024 7:58:58 PM,30508.5012097259,6624415.75813824
SWS00230,Southern Water,0,2/5/2026 10:41:59 PM,50.9850733786564,-0.733576708076554,ROTHER,2/6/2026 10:20:00 AM,46589142,2/5/2026 10:35:50 PM,2/5/2026 10:41:59 PM,-81661.3856008879,6618653.80084457
SWS00873,Southern Water,0,1/27/2026 1:47:39 PM,50.9569666592791,0.327347109042154,DUDWELL,1/27/2026 2:35:00 PM,46589143,1/27/2026 7:24:27 AM,1/27/2026 1:47:39 PM,36440.1134912228,6613685.15022378
SWS00875,Southern Water,0,2/20/2026 12:00:27 AM,51.053968185264,0.413691293090902,TRIBUTARY OF THE RIVER LIMDEN,2/20/2026 1:00:00 AM,46589144,2/18/2026 7:22:15 PM,2/20/2026 12:00:27 AM,46051.9040924901,6630845.62763073
SWS00874,Southern Water,0,2/22/2026 8:26:00 PM,50.9713833439536,0.23861160022591,ROTHER,4/2/2026 11:10:00 AM,46589145,2/22/2026 12:20:00 PM,2/22/2026 8:26:00 PM,26562.1218345165,6616233.32780711
SWS00878,Southern Water,0,11/17/2022 2:03:00 AM,50.903558031469,-0.274408766052801,UN-NAMED TRIBUTARY OF THE RIVER ADUR,10/16/2025 8:10:59 AM,46589146,11/16/2022 10:38:00 PM,11/17/2022 2:03:00 AM,-30547.0441062083,6604251.95260294
SWS00880,Southern Water,0,2/19/2026 12:04:33 AM,50.862612936504,0.272904108503394,HORSE EYE SEWER,2/19/2026 12:40:00 AM,46589147,2/18/2026 10:08:53 PM,2/19/2026 12:04:33 AM,30379.5463939901,6597027.42849648
SWS00883,Southern Water,0,2/19/2026 5:14:00 AM,51.0495633607236,0.232677527367137,MEDWAY,2/19/2026 6:00:00 AM,46589148,2/19/2026 4:42:00 AM,2/19/2026 5:14:00 AM,25901.5438655477,6630065.59456058
SWS00889,Southern Water,0,2/19/2026 1:04:57 AM,50.8567439977907,0.447399200981106,TRIBUTARY OF THE WALLERS HAVEN,2/19/2026 1:40:00 AM,46589149,2/18/2026 7:31:03 PM,2/19/2026 1:04:57 AM,49804.2512345342,6595992.40834704
SWS00890,Southern Water,0,2/15/2026 5:47:16 PM,51.1084450386071,-0.629068456382015,CHIDDINGFOLD STREAM,2/15/2026 6:20:00 PM,46589150,2/15/2026 4:20:16 PM,2/15/2026 5:47:16 PM,-70027.5802385565,6640498.85895822
SWS00431,Southern Water,0,2/5/2026 7:50:00 PM,50.9687233497677,0.0960477566406139,UCK,2/5/2026 8:20:00 PM,46589151,2/5/2026 7:32:00 PM,2/5/2026 7:50:00 PM,10691.9873610694,6615763.10906749
SWS00914,Southern Water,0,1/27/2026 12:34:00 PM,50.8610061987416,0.46709192667915,COMBE HAVEN VIA DRAIN,1/27/2026 5:30:00 PM,46589152,1/27/2026 12:28:00 PM,1/27/2026 12:34:00 PM,51996.4354315721,6596744.05836001
SWS00904,Southern Water,0,3/13/2026 4:14:06 AM,50.8787966607685,0.664225834532791,TRIBUTARY OF THE MARSHAM SEWER,3/13/2026 7:40:00 AM,46589153,3/13/2026 3:55:12 AM,3/13/2026 4:14:06 AM,73941.2816719275,6599882.19387357
SWS00922,Southern Water,0,1/27/2026 1:21:22 PM,51.0745617489222,-0.0537794880441144,COCKHAISE BROOK,1/27/2026 1:50:00 PM,46589154,1/27/2026 6:30:58 AM,1/27/2026 1:21:22 PM,-5986.70522419376,6634493.44558714
SWS00089,Southern Water,0,2/19/2026 12:50:00 AM,50.8618254374056,0.248564748537764,CUCKMERE,2/19/2026 1:40:00 AM,46589155,2/18/2026 5:50:00 PM,2/19/2026 12:50:00 AM,27670.101236382,6596888.54106093
SWS00947,Southern Water,0,6/20/2023 6:00:00 AM,50.8243193997333,-0.355538760772549,TRIBUTARY OF THE TEVILLE STREAM,10/16/2025 8:10:59 AM,46589156,6/20/2023 5:45:00 AM,6/20/2023 6:00:00 AM,-39578.3938064717,6590276.49562418
SWS00950,Southern Water,0,3/13/2026 4:23:40 AM,50.8126439746931,0.262612228165978,WILLINGDON SEWER,3/13/2026 5:00:00 AM,46589157,3/13/2026 3:42:37 AM,3/13/2026 4:23:40 AM,29233.8595155236,6588219.28611807
SWS00960,Southern Water,0,3/13/2026 1:44:55 PM,51.1011409238634,-0.0839449160496684,MEDWAY AT WEIR WOOD,3/13/2026 8:40:01 PM,46589158,3/13/2026 2:27:11 AM,3/13/2026 1:44:55 PM,-9344.70530933319,6639203.91870156
SWS00962,Southern Water,0,2/19/2026 4:38:09 AM,50.9610739843545,-0.0706310126630595,LONGFORD DITCH,2/19/2026 5:15:00 AM,46589159,2/18/2026 9:21:37 PM,2/19/2026 4:38:09 AM,-7862.60836386504,6614411.04752209
SWS00013,Southern Water,0,1/27/2026 5:15:09 AM,50.8699724485469,-1.39740407957245,SOUTHAMPTON WATER,1/27/2026 5:50:00 AM,46589160,1/27/2026 4:55:57 AM,1/27/2026 5:15:09 AM,-155558.310570448,6598325.50372011
SWS00835,Southern Water,0,2/19/2026 1:55:53 AM,50.8560474856314,-1.19143466541836,SOLENT,2/19/2026 3:30:01 AM,46589161,2/18/2026 5:05:38 PM,2/19/2026 1:55:53 AM,-132629.900267826,6595869.58318108
SWS00024,Southern Water,0,3/13/2026 5:02:00 AM,50.9011078879535,-1.51802286408848,BARTLEY WATER,3/13/2026 5:20:00 AM,46589162,3/13/2026 12:26:00 AM,3/13/2026 5:02:00 AM,-168985.532242876,6603819.46035907
SWS00030,Southern Water,0,2/19/2026 6:18:57 AM,50.9108793843122,-1.51069619539923,BARTLEY WATER,2/19/2026 7:00:00 AM,46589163,2/18/2026 6:42:02 PM,2/19/2026 6:18:57 AM,-168169.931215178,6605544.43225852
SWS00050,Southern Water,0,2/19/2026 4:21:00 PM,50.8187950487455,-1.45030419368073,BEAULIEU,2/19/2026 11:20:00 PM,46589164,2/18/2026 6:13:00 PM,2/19/2026 4:21:00 PM,-161447.124335888,6589303.04105547
SWS00073,Southern Water,0,1/27/2026 7:24:50 AM,50.8977407008803,-1.41126575265985,TEST,1/27/2026 8:15:00 AM,46589165,1/27/2026 3:02:03 AM,1/27/2026 7:24:50 AM,-157101.38496008,6603225.13136812
SWS90099,Southern Water,0,1/8/2026 6:01:31 PM,50.9148929429119,-1.20933507477649,SHEDFIELD STREAM,2/3/2026 4:30:00 PM,46589166,1/8/2026 5:19:38 PM,1/8/2026 6:01:31 PM,-134622.564722564,6606253.05463971
SWS00082,Southern Water,0,1/27/2026 9:20:21 AM,50.9822698472507,-1.4478061743107,TADBURN LAKE,1/27/2026 10:20:00 AM,46589167,1/27/2026 5:15:22 AM,1/27/2026 9:20:21 AM,-161169.046091625,6618158.06304142
SWS00854,Southern Water,0,2/19/2026 8:37:47 AM,50.9702130968521,-1.39212012885133,MONKS BROOK VIA DRAIN,2/19/2026 9:20:00 AM,46589168,2/18/2026 9:34:46 PM,2/19/2026 8:37:47 AM,-154970.103866796,6616026.45482038
SWS00095,Southern Water,0,2/19/2026 2:56:54 AM,50.8513848649756,-1.16779122137521,PORTSMOUTH HARBOUR,2/19/2026 3:30:01 AM,46589169,2/18/2026 9:56:39 PM,2/19/2026 2:56:54 AM,-129997.924116343,6595047.40908681
SWS00101,Southern Water,0,2/19/2026 4:12:00 AM,50.9151110910221,-1.28501036203012,HAMBLE,2/19/2026 5:25:00 AM,46589170,2/18/2026 4:38:00 PM,2/19/2026 4:12:00 AM,-143046.699165273,6606291.57199467
SWS90005,Southern Water,0,11/27/2024 4:37:00 AM,50.7843103990442,-1.169549963493,SOLENT,11/27/2024 4:15:56 AM,46589171,11/27/2024 3:20:06 AM,11/27/2024 4:37:00 AM,-130193.706393332,6583229.04824705
SWS00125,Southern Water,0,2/19/2026 3:05:43 PM,50.9504530762349,-1.29998564218113,TRIBUTARY OF THE RIVER ITCHEN,2/19/2026 3:40:00 PM,46589172,2/18/2026 6:18:42 PM,2/19/2026 3:05:43 PM,-144713.73972617,6612534.12079349
SWS00126,Southern Water,0,10/13/2022 2:48:00 AM,50.8141337279163,-1.04751393387475,GREAT SALTEN LAKE,10/16/2025 8:10:59 AM,46589173,10/13/2022 1:58:09 AM,10/13/2022 2:48:00 AM,-116608.717717796,6588481.75196206
SWS00159,Southern Water,0,2/19/2026 12:38:00 AM,51.0049189772498,-0.938282171154735,UNNAMED STREAM - TILMORE BROOK,2/19/2026 1:00:00 AM,46589174,2/18/2026 9:32:00 PM,2/19/2026 12:38:00 AM,-104449.093513352,6622163.87899122
SWS00169,Southern Water,0,1/27/2025 4:22:32 PM,50.9611987301768,-1.37102111736627,ITCHEN,1/27/2025 5:05:16 PM,46589175,1/27/2025 4:19:56 PM,1/27/2025 4:22:32 PM,-152621.372652038,6614433.09515107
SWS00180,Southern Water,0,3/21/2026 6:05:46 PM,50.9111486357751,-1.26956675466733,RIVER HAMBLE,3/21/2026 6:40:00 PM,46589176,3/21/2026 5:01:40 PM,3/21/2026 6:05:46 PM,-141327.524657636,6605591.96861145
SWS00192,Southern Water,0,2/1/2026 8:58:00 PM,51.004159480337,-0.933881126746651,WESTERN ROTHER,2/1/2026 9:30:00 PM,46589177,2/1/2026 7:06:00 PM,2/1/2026 8:58:00 PM,-103959.171490886,6622029.51963558
SWS00194,Southern Water,0,2/1/2026 7:15:14 PM,50.8126151526496,-1.09396031983289,PORTSMOUTH HARBOUR,2/1/2026 7:50:01 PM,46589178,2/1/2026 6:19:05 PM,2/1/2026 7:15:14 PM,-121779.105751844,6588214.2083113
SWS00196,Southern Water,0,2/1/2026 7:40:00 PM,50.9817110691841,-1.35621343906659,ITCHEN,2/6/2026 2:45:00 PM,46589179,2/1/2026 7:20:00 PM,2/1/2026 7:40:00 PM,-150972.989443887,6618059.26001757
SWS00207,Southern Water,0,2/1/2026 8:56:00 PM,50.8433183985255,-1.19733612705606,HOEFORD STREAM,2/1/2026 9:30:00 PM,46589180,2/1/2026 6:50:00 PM,2/1/2026 8:56:00 PM,-133286.847972271,6593625.21856363
SWS00211,Southern Water,0,2/3/2026 6:13:09 PM,50.8428288215909,-1.11709507765406,PORTSMOUTH HARBOUR,2/3/2026 7:10:00 PM,46589181,2/3/2026 2:38:10 PM,2/3/2026 6:13:09 PM,-124354.455212122,6593538.90966544
SWS90019,Southern Water,0,10/25/2023 3:25:00 AM,50.8353031752298,-1.22218357240413,MEON,10/16/2025 8:10:59 AM,46589182,10/25/2023 2:56:00 AM,10/25/2023 3:25:00 AM,-136052.852935932,6592212.30618975
SWS00250,Southern Water,0,2/19/2026 6:16:40 AM,50.8522897261842,-1.29122756503433,HOOK LAKE,2/19/2026 6:40:00 AM,46589183,2/18/2026 8:29:26 PM,2/19/2026 6:16:40 AM,-143738.79503786,6595206.95959077
SWS00263,Southern Water,0,2/19/2026 2:36:42 AM,50.9112418631811,-1.49032355098784,BARTLEY WATER,2/19/2026 5:30:00 AM,46589184,2/19/2026 2:32:51 AM,2/19/2026 2:36:42 AM,-165902.05881319,6605608.42797655
SWS00286,Southern Water,0,3/13/2026 1:58:00 AM,50.8486868909862,-1.18048186440928,SOLENT,3/13/2026 2:20:00 AM,46589185,3/13/2026 1:32:00 AM,3/13/2026 1:58:00 AM,-131410.640036735,6594571.70465665
SWS00314,Southern Water,0,11/4/2023 11:48:00 PM,50.7832196630748,-0.955510891544542,CHICHESTER HARBOUR,10/16/2025 8:10:59 AM,46589186,11/4/2023 1:10:00 PM,11/4/2023 11:48:00 PM,-106366.985894165,6583037.00334152
SWS00335,Southern Water,0,7/19/2025 2:36:00 PM,50.7436947980273,-1.65981359558137,BECTON BUNNY,7/19/2025 3:15:04 PM,46589187,7/19/2025 2:24:00 PM,7/19/2025 2:36:00 PM,-184769.604271871,6576080.91600878
SWS00344,Southern Water,0,1/27/2026 8:25:44 AM,51.0510040795572,-1.31758856562066,ITCHEN,1/27/2026 9:45:00 AM,46589188,1/27/2026 7:47:35 AM,1/27/2026 8:25:44 AM,-146673.288199932,6630320.71763333
SWS00376,Southern Water,0,3/13/2026 2:35:41 AM,50.818983725707,-1.09184960722654,PORTSMOUTH HARBOUR,3/13/2026 3:20:00 AM,46589189,3/13/2026 1:13:01 AM,3/13/2026 2:35:41 AM,-121544.142299294,6589336.28621986
SWS00350,Southern Water,0,11/26/2024 10:16:00 AM,50.9178520496034,-1.3706098291361,RIVER MIDDEN,11/26/2024 11:02:30 AM,46589190,11/26/2024 10:09:00 AM,11/26/2024 10:16:00 AM,-152575.588255686,6606775.54515932
SWS00366,Southern Water,0,2/19/2026 11:18:00 AM,50.8094847758468,-1.18145186251797,ALVER,2/19/2026 12:00:00 PM,46589191,2/18/2026 5:12:00 PM,2/19/2026 11:18:00 AM,-131518.619732265,6587662.7237857
SWS00394,Southern Water,0,2/19/2026 4:49:16 AM,50.8899219822814,-1.04483160413759,WALLINGTON,2/19/2026 5:25:00 AM,46589192,2/18/2026 6:29:03 PM,2/19/2026 4:49:16 AM,-116310.122137316,6601845.24573009
SWS00397,Southern Water,0,8/29/2025 6:15:00 AM,50.7972626575994,-1.12079188494494,PORTSMOUTH HARBOUR,2/5/2026 4:55:00 PM,46589193,8/29/2025 5:45:00 AM,8/29/2025 6:15:00 AM,-124765.981917304,6585509.88336807
SWS00425,Southern Water,0,2/19/2026 6:53:41 AM,50.8570849881313,-1.17266248764438,WALLINGTON,2/19/2026 7:20:00 AM,46589194,2/19/2026 6:50:23 AM,2/19/2026 6:53:41 AM,-130540.190996946,6596052.5403354
SWS00432,Southern Water,0,9/5/2022 8:28:00 PM,50.895451524549,-1.40318962215144,SOLENT,10/16/2025 8:10:59 AM,46589195,9/5/2022 7:58:00 PM,9/5/2022 8:28:00 PM,-156202.354224304,6602821.10236681
SWS00733,Southern Water,0,2/19/2026 10:38:00 AM,50.813130018596,-1.22808771855883,SOLENT,3/6/2026 5:10:00 PM,46589196,2/19/2026 3:02:00 AM,2/19/2026 10:38:00 AM,-136710.099479442,6588304.91677858
SWS00438,Southern Water,0,2/19/2026 5:57:12 AM,50.8370199089329,-1.18001874736886,HOEFORD LAKE,2/19/2026 6:40:00 AM,46589197,2/18/2026 4:05:09 PM,2/19/2026 5:57:12 AM,-131359.086083618,6592514.90918798
SWS00444,Southern Water,0,2/19/2026 10:19:05 PM,50.833385832369,-1.28810579882595,SOUTHAMPTON WATER,3/12/2026 3:00:01 PM,46589198,2/18/2026 7:05:00 PM,2/19/2026 10:19:05 PM,-143391.281613168,6591874.35563347
SWS90078,Southern Water,0,11/27/2024 3:56:45 PM,50.9558224914184,-1.29563364434879,ITCHEN,11/27/2024 4:52:58 AM,46589199,11/27/2024 3:46:30 AM,11/27/2024 3:56:45 PM,-144229.277543541,6613482.95015143
SWS00456,Southern Water,0,3/13/2026 2:35:02 AM,50.8799809360399,-1.32037398956368,HAMBLE,3/13/2026 3:00:00 AM,46589200,3/13/2026 1:26:29 AM,3/13/2026 2:35:02 AM,-146983.360174912,6600091.13576875
SWS00463,Southern Water,0,12/17/2025 11:08:26 AM,50.8775805421435,-1.34087690719288,TRIBUTARY OF SPEAR POND GULLY,12/17/2025 11:30:00 AM,46589201,12/17/2025 10:49:40 AM,12/17/2025 11:08:26 AM,-149265.734525171,6599667.63937608
SWS00642,Southern Water,0,1/27/2026 10:48:00 AM,50.9865306305141,-1.38278888397258,MONKS BROOK VIA DRAIN,1/27/2026 5:30:00 PM,46589202,1/27/2026 4:18:00 AM,1/27/2026 10:48:00 AM,-153931.354438427,6618911.49297753
SWS00497,Southern Water,0,9/13/2025 6:12:00 AM,50.9194751883628,-1.38837121103525,ITCHEN,9/13/2025 12:11:49 PM,46589203,9/13/2025 6:10:00 AM,9/13/2025 6:12:00 AM,-154552.776244485,6607062.15745768
SWS90077,Southern Water,0,1/27/2025 9:12:10 PM,50.9272792627657,-1.20585241706934,CURBRIDGE CREEK,1/27/2025 9:04:59 PM,46589204,1/27/2025 8:10:11 PM,1/27/2025 9:12:10 PM,-134234.877039997,6608440.33310862
SWS00516,Southern Water,-1,5/27/2025 1:24:00 PM,50.8656603987518,-1.04717484288161,WALLINGTON,5/29/2025 4:00:26 PM,46589205,5/27/2025 1:24:00 PM,5/27/2025 2:30:00 PM,-116570.970281107,6597564.9168883
SWS00531,Southern Water,0,8/29/2025 4:57:00 AM,50.7590967511124,-1.53635471445456,LYMINGTON,8/29/2025 5:30:38 AM,46589206,8/29/2025 4:46:00 AM,8/29/2025 4:57:00 AM,-171026.224490927,6578790.84848591
SWS00566,Southern Water,0,2/18/2026 10:18:56 PM,50.8126151526496,-1.09396031983289,PORTSMOUTH HARBOUR,2/18/2026 11:20:00 PM,46589207,2/18/2026 6:20:09 PM,2/18/2026 10:18:56 PM,-121779.105751844,6588214.2083113
SWS00377,Southern Water,0,2/1/2026 7:50:00 PM,50.818983725707,-1.09184960722654,PORTSMOUTH HARBOUR,2/1/2026 8:30:00 PM,46589208,2/1/2026 5:24:00 PM,2/1/2026 7:50:00 PM,-121544.142299294,6589336.28621986
SWS00604,Southern Water,0,3/6/2026 4:43:49 PM,50.8429895098276,-1.2998905191004,HOOK LAKE,3/6/2026 5:20:00 PM,46589209,3/6/2026 1:58:59 PM,3/6/2026 4:43:49 PM,-144703.150673261,6593567.23774791
SWS00134,Southern Water,0,2/19/2026 2:42:01 AM,50.8022263496692,-1.13517370566766,SOLENT,2/19/2026 3:40:00 AM,46589210,2/18/2026 7:14:26 PM,2/19/2026 2:42:01 AM,-126366.958876837,6586384.13500626
SWS00532,Southern Water,0,3/13/2026 2:07:00 AM,50.7340885580859,-1.58180491774167,LYMORE STREAM,3/13/2026 2:40:00 AM,46589211,3/13/2026 1:18:00 AM,3/13/2026 2:07:00 AM,-176085.717977299,6574391.17510836
SWS00149,Southern Water,0,1/15/2026 3:35:03 PM,50.9078721445309,-1.44171754610848,TEST,1/15/2026 4:10:00 PM,46589212,1/15/2026 3:13:51 PM,1/15/2026 3:35:03 PM,-160491.263100524,6605013.52268121
SWS00664,Southern Water,0,3/13/2026 4:57:34 AM,50.788156695923,-1.10592459053327,PORTSMOUTH HARBOUR,3/13/2026 5:20:00 AM,46589213,3/13/2026 4:55:45 AM,3/13/2026 4:57:34 AM,-123110.962273923,6583906.29805138
SWS00669,Southern Water,0,12/5/2024 8:46:00 AM,50.928536161651,-1.56882269191444,SOLENT,12/5/2024 6:47:41 AM,46589214,12/5/2024 5:35:52 AM,12/5/2024 8:46:00 AM,-174640.543208848,6608662.31922118
SWS00807,Southern Water,0,2/1/2026 7:49:22 PM,50.8338226867063,-1.04682921253156,BROOM CHANNEL,2/18/2026 1:25:01 PM,46589215,2/1/2026 5:08:43 PM,2/1/2026 7:49:22 PM,-116532.494886537,6591951.35429019
SWS00678,Southern Water,0,2/1/2026 8:39:38 PM,50.861960484099,-0.992117923696234,HERMITAGE STREAM,2/1/2026 9:30:00 PM,46589216,2/1/2026 7:11:48 PM,2/1/2026 8:39:38 PM,-110442.062072745,6596912.3584313
SWS00687,Southern Water,0,2/5/2026 7:36:37 PM,50.8502844182117,-1.17747067615414,PORTSMOUTH HARBOUR,2/5/2026 8:30:00 PM,46589217,2/5/2026 7:34:43 PM,2/5/2026 7:36:37 PM,-131075.43609349,6594853.37594675
SWS00695,Southern Water,0,1/27/2026 3:20:30 PM,50.9153799774155,-1.37917840086637,ITCHEN,1/27/2026 4:10:00 PM,46589218,1/27/2026 4:44:31 AM,1/27/2026 3:20:30 PM,-153529.437297526,6606339.04821092
SWS00734,Southern Water,0,2/1/2026 7:44:14 PM,50.8109248004388,-1.2210272069978,SOLENT,2/1/2026 8:30:00 PM,46589219,2/1/2026 7:01:44 PM,2/1/2026 7:44:14 PM,-135924.126927728,6587916.4111083
SWS00798,Southern Water,0,1/15/2026 3:34:00 PM,50.9154302610796,-1.38870874130262,ITCHEN,1/15/2026 3:50:00 PM,46589220,1/15/2026 3:24:00 PM,1/15/2026 3:34:00 PM,-154590.349941976,6606347.92663078
SWS00799,Southern Water,0,12/10/2025 5:00:00 PM,50.7571013633524,-1.55508841102994,BUCKLAND STREAM,12/10/2025 5:30:00 PM,46589221,12/10/2025 4:56:00 PM,12/10/2025 5:00:00 PM,-173111.650054374,6578439.71506212
SWS00804,Southern Water,0,6/19/2025 12:55:00 PM,51.0809296183176,-1.17510047852576,TRIBUTARY OF THE RIVER ITCHEN,6/21/2025 10:35:28 AM,46589222,6/19/2025 12:02:00 PM,6/19/2025 12:55:00 PM,-130811.58690042,6635621.7396262
SWS90060,Southern Water,0,6/13/2024 12:15:00 PM,51.2385082061227,-1.38500971720762,TEST,6/13/2024 12:30:54 PM,46589223,6/13/2024 11:42:14 AM,6/13/2024 12:15:00 PM,-154178.576463288,6663591.99729043
SWS00826,Southern Water,0,2/19/2026 12:32:00 AM,51.0434483936587,-0.894178904978663,ROTHER,2/19/2026 5:10:00 AM,46589224,2/19/2026 12:08:00 AM,2/19/2026 12:32:00 AM,-99539.5403803117,6628982.84203984
SWS00454,Southern Water,0,3/24/2026 11:04:25 PM,51.1128886672726,-1.49852294345094,TEST,3/24/2026 11:40:00 PM,46589225,3/24/2026 10:46:19 PM,3/24/2026 11:04:25 PM,-166814.811006996,6641286.76620972
SWS00840,Southern Water,0,8/29/2025 4:56:00 AM,50.7427951182951,-1.65967838534654,BECTON BUNNY,8/29/2025 5:30:53 AM,46589226,8/29/2025 4:50:22 AM,8/29/2025 4:56:00 AM,-184754.552737379,6575922.64732342
SWS00850,Southern Water,0,12/3/2025 3:17:00 PM,50.8619124636426,-1.38656697650128,SOLENT,2/9/2026 1:10:00 PM,46589227,12/3/2025 3:14:00 PM,12/3/2025 3:17:00 PM,-154351.929774891,6596903.88934528
SWS00906,Southern Water,0,10/8/2025 8:48:27 AM,50.8570849881313,-1.17266248764438,WALLINGTON,10/8/2025 9:25:15 AM,46589228,10/8/2025 8:35:12 AM,10/8/2025 8:48:27 AM,-130540.190996946,6596052.5403354
SWS00919,Southern Water,0,1/4/2024 6:28:00 PM,50.9416161289787,-1.37498605291218,SOLENT,1/4/2024 6:05:05 PM,46589229,1/4/2024 5:08:00 PM,1/4/2024 6:28:00 PM,-153062.747258037,6610972.78246026
SWS00918,Southern Water,0,5/27/2025 11:34:00 AM,50.9416161289787,-1.37498605291218,SOLENT,5/27/2025 12:15:15 PM,46589230,5/27/2025 11:30:00 AM,5/27/2025 11:34:00 AM,-153062.747258037,6610972.78246026
SWS00917,Southern Water,0,1/4/2024 6:30:00 PM,50.9418843645526,-1.374697787246,SOLENT,1/4/2024 7:05:33 PM,46589231,1/4/2024 5:00:00 PM,1/4/2024 6:30:00 PM,-153030.657670865,6611020.17075808
SWS00928,Southern Water,0,2/18/2026 11:21:53 PM,50.8664195853153,-1.04104876567015,WALLINGTON,2/19/2026 4:15:00 AM,46589232,2/18/2026 10:12:15 PM,2/18/2026 11:21:53 PM,-115889.018485367,6597698.82195129
SWS00915,Southern Water,0,3/14/2026 11:38:23 AM,50.9745539332263,-1.55757174957751,BLACKWATER,3/14/2026 12:00:00 PM,46589233,3/14/2026 10:25:58 AM,3/14/2026 11:38:23 AM,-173388.094036957,6616793.8418428
SWS00884,Southern Water,0,1/27/2026 12:32:00 PM,51.1125794086612,-1.48939767769815,TEST,1/27/2026 5:50:00 PM,46589234,1/27/2026 6:40:00 AM,1/27/2026 12:32:00 PM,-165798.991070042,6641231.92859375
SWS00301,Southern Water,0,3/29/2026 5:42:00 PM,50.8967681244581,-1.18902331019641,RIVER MEON,3/29/2026 6:00:01 PM,46589235,3/29/2026 5:22:00 PM,3/29/2026 5:42:00 PM,-132361.469432397,6603053.47371555
SWS00945,Southern Water,0,2/19/2026 4:35:25 AM,50.8390242736097,-1.13746197531894,PORTSMOUTH HARBOUR,2/25/2026 4:05:00 PM,46589236,2/19/2026 4:32:24 AM,2/19/2026 4:35:25 AM,-126621.687889216,6592868.22603686
SWS00379,Southern Water,0,7/31/2025 2:54:00 PM,50.818983725707,-1.09184960722654,PORTSMOUTH HARBOUR,7/31/2025 3:45:25 PM,46589237,7/31/2025 2:50:00 PM,7/31/2025 2:54:00 PM,-121544.142299294,6589336.28621986
SWS00974,Southern Water,0,3/13/2026 2:11:11 AM,50.8378406919278,-1.17271878131776,PORTSMOUTH HARBOUR,3/13/2026 2:40:00 AM,46589238,3/13/2026 1:39:02 AM,3/13/2026 2:11:11 AM,-130546.457580001,6592659.58983775
SWS00040,Southern Water,0,3/13/2026 4:52:00 AM,50.7253355704221,-1.22457247822376,IOW STREAMS,3/13/2026 5:40:00 AM,46589239,3/13/2026 1:34:00 AM,3/13/2026 4:52:00 AM,-136318.784715326,6572851.82329398
SWS00294,Southern Water,0,3/13/2026 2:11:00 AM,50.7048024244502,-1.29062115748002,TRIBUTARY OF RIVER MEDINA,3/18/2026 2:25:00 PM,46589240,3/13/2026 12:58:00 AM,3/13/2026 2:11:00 AM,-143671.290057701,6569241.87186035
SWS00015,Southern Water,0,2/19/2026 12:27:11 PM,50.6674175107209,-1.18463222450977,EASTERN YAR,2/19/2026 1:20:00 PM,46589241,2/19/2026 3:50:04 AM,2/19/2026 12:27:11 PM,-131872.656009731,6562673.25274756
SWS00020,Southern Water,0,2/18/2026 10:21:24 PM,50.6447744226067,-1.2004407082166,IOW STREAMS,2/18/2026 11:20:00 PM,46589242,2/18/2026 8:07:55 PM,2/18/2026 10:21:24 PM,-133632.448366189,6558697.3507904
SWS00070,Southern Water,0,3/20/2026 9:52:34 AM,50.5890211914598,-1.31397650050557,CHALE BAY,3/20/2026 10:20:00 AM,46589243,3/20/2026 8:41:58 AM,3/20/2026 9:52:34 AM,-146271.194950608,6548915.79531891
SWS00086,Southern Water,0,3/13/2026 4:32:48 AM,50.6830239525125,-1.51601391131677,YAR,3/13/2026 5:00:00 AM,46589244,3/13/2026 12:50:53 AM,3/13/2026 4:32:48 AM,-168761.896643302,6565414.70568585
SWS00112,Southern Water,0,12/4/2020 12:15:00 PM,50.6146144399848,-1.22215395291945,IOW STREAMS,10/16/2025 8:10:59 AM,46589245,12/4/2020 11:54:00 AM,12/4/2020 12:15:00 PM,-136049.55570998,6553404.53105375
SWS00154,Southern Water,0,2/1/2026 8:14:22 PM,50.6043447341136,-1.31997154388421,UNNAMED STREAM - CHALE,2/1/2026 9:10:00 PM,46589246,2/1/2026 5:18:30 PM,2/1/2026 8:14:22 PM,-146938.560126801,6551603.05981201
SWS00256,Southern Water,0,3/13/2026 10:51:04 AM,50.7164784463761,-1.28817849807775,MEDINA,3/13/2026 11:40:00 AM,46589247,3/13/2026 12:56:44 AM,3/13/2026 10:51:04 AM,-143399.374456859,6571294.4501424
SWS00719,Southern Water,0,2/19/2026 3:15:00 AM,50.6542857805864,-1.27992371624488,MEDINA,2/19/2026 8:40:00 AM,46589248,2/18/2026 5:10:06 PM,2/19/2026 3:15:00 AM,-142480.456346614,6560367.21757088
SWS00283,Southern Water,0,2/1/2026 11:49:34 PM,50.7675002123843,-1.30839170323604,SOLENT,2/2/2026 12:30:00 AM,46589249,2/1/2026 5:16:47 PM,2/1/2026 11:49:34 PM,-145649.49816238,6580269.79111314
SWS00311,Southern Water,0,3/13/2026 3:08:17 AM,50.7347854215217,-1.21222965813684,WOOTTON CREEK,3/13/2026 3:40:00 AM,46589250,3/13/2026 1:40:19 AM,3/13/2026 3:08:17 AM,-134944.788268297,6574513.74196668
SWS00312,Southern Water,0,2/18/2026 8:34:00 PM,50.7347854215217,-1.21222965813684,SOLENT,2/18/2026 9:25:00 PM,46589251,2/18/2026 8:28:00 PM,2/18/2026 8:34:00 PM,-134944.788268297,6574513.74196668
SWS00334,Southern Water,0,2/19/2026 6:24:57 AM,50.6714891917777,-1.51033042250095,SOLENT,2/19/2026 7:20:00 AM,46589252,2/18/2026 3:37:15 PM,2/19/2026 6:24:57 AM,-168129.213562395,6563388.40298402
SWS00748,Southern Water,0,3/13/2026 2:40:00 AM,50.682581362628,-1.51771704035833,YAR,3/18/2026 11:45:00 AM,46589253,3/13/2026 1:06:00 AM,3/13/2026 2:40:00 AM,-168951.488100964,6565336.94706689
SWS90071,Southern Water,0,5/2/2024 3:16:00 AM,50.7640128321776,-1.29667415835892,MEDINA,5/2/2024 2:47:21 AM,46589254,5/2/2024 2:44:00 AM,5/2/2024 3:16:00 AM,-144345.107033312,6579656.0075747
SWS00406,Southern Water,0,2/19/2026 1:26:40 AM,50.7081843684226,-1.21494157259863,BLACKBRIDGE BROOK,2/19/2026 3:30:01 AM,46589255,2/18/2026 4:17:03 PM,2/19/2026 1:26:40 AM,-135246.677205258,6569836.34579427
SWS00421,Southern Water,0,2/18/2026 11:28:01 PM,50.7043248725929,-1.30691404042238,MEDINA,2/19/2026 12:20:00 AM,46589256,2/18/2026 4:22:13 PM,2/18/2026 11:28:01 PM,-145485.005490399,6569157.93183966
SWS00428,Southern Water,0,3/13/2026 2:04:51 AM,50.763931048107,-1.29653359000178,MEDINA,3/13/2026 2:40:00 AM,46589257,3/13/2026 1:09:49 AM,3/13/2026 2:04:51 AM,-144329.459035373,6579641.6140189
SWS00436,Southern Water,0,2/19/2026 12:44:56 PM,50.6781267607788,-1.10009076946282,YAR,2/19/2026 1:40:00 PM,46589258,2/18/2026 4:24:21 PM,2/19/2026 12:44:56 PM,-122461.544282982,6564554.35888138
SWS00475,Southern Water,0,2/19/2026 8:39:44 AM,50.6954790636574,-1.50526673061399,YAR,2/19/2026 9:40:00 AM,46589259,2/18/2026 10:11:43 PM,2/19/2026 8:39:44 AM,-167565.525960005,6567603.24502425
SWS00484,Southern Water,0,7/15/2024 7:38:00 PM,50.7245309965145,-1.22529413819777,WOOTTON CREEK,7/20/2024 1:49:25 PM,46589260,7/15/2024 6:30:00 PM,7/15/2024 7:38:00 PM,-136399.119536159,6572710.34063417
SWS00486,Southern Water,0,2/18/2026 8:12:00 PM,50.6517604885115,-1.1706161119771,TRIBUTARY OF RIVER YAR,2/18/2026 9:00:00 PM,46589261,2/18/2026 7:42:00 PM,2/18/2026 8:12:00 PM,-130312.389499692,6559923.83031751
SWS00491,Southern Water,0,2/22/2026 3:17:25 PM,50.6898457412049,-1.06928692913081,ENGLISH CHANNEL,2/22/2026 4:00:00 PM,46589262,2/22/2026 11:27:33 AM,2/22/2026 3:17:25 PM,-119032.476462745,6566613.31855755
SWS00492,Southern Water,0,2/19/2026 11:58:34 PM,50.6701010832082,-1.2086428198306,IOW STREAMS,2/20/2026 1:00:00 AM,46589263,2/18/2026 3:16:47 PM,2/19/2026 11:58:34 PM,-134545.503254489,6563144.58856669
SWS00494,Southern Water,0,2/1/2026 10:06:10 PM,50.6941920310615,-1.10757058985283,YAR,2/1/2026 10:50:00 PM,46589264,2/1/2026 6:56:43 PM,2/1/2026 10:06:10 PM,-123294.194080023,6567377.06825787
SWS00514,Southern Water,0,10/25/2023 8:56:32 AM,50.7135492376521,-1.37320818166771,IOW STREAMS,10/16/2025 8:10:59 AM,46589265,10/25/2023 6:38:20 AM,10/25/2023 8:56:32 AM,-152864.835536407,6570779.46385717
SWS00869,Southern Water,0,3/13/2026 3:42:27 AM,50.759131367574,-1.29249393209197,MEDINA,3/13/2026 4:20:00 AM,46589266,3/13/2026 3:33:51 AM,3/13/2026 3:42:27 AM,-143879.766373874,6578796.9401642
SWS00573,Southern Water,0,2/13/2026 11:35:22 AM,50.703380455857,-1.50235137834857,YAR,2/13/2026 12:10:00 PM,46589267,2/13/2026 11:13:07 AM,2/13/2026 11:35:22 AM,-167240.990430335,6568991.93278195
SWS00595,Southern Water,0,3/26/2026 7:49:45 AM,50.7259109164578,-1.22589477431701,WOOTTON CREEK,3/26/2026 8:20:00 AM,46589268,3/26/2026 6:49:58 AM,3/26/2026 7:49:45 AM,-136465.982043105,6572952.99819585
SWS00598,Southern Water,0,2/18/2026 10:58:41 PM,50.6858049109431,-1.41632850352387,CAUL BOURNE STREAM,2/18/2026 11:20:00 PM,46589269,2/18/2026 4:10:59 PM,2/18/2026 10:58:41 PM,-157664.967808276,6565903.30906895
SWS00620,Southern Water,0,2/18/2026 8:26:41 PM,50.6954784627261,-1.50512515003933,YAR,2/18/2026 9:25:00 PM,46589270,2/18/2026 7:05:02 PM,2/18/2026 8:26:41 PM,-167549.765282528,6567603.13941809
SWS00621,Southern Water,0,2/19/2026 2:19:00 AM,50.7084752864259,-1.51631842009459,SOLENT,2/19/2026 4:15:00 AM,46589271,2/18/2026 4:13:31 PM,2/19/2026 2:19:00 AM,-168795.794405391,6569887.48500458
SWS00509,Southern Water,0,2/19/2026 12:33:26 AM,50.5916646715053,-1.20628536938333,ENGLISH CHANNEL,2/19/2026 1:20:00 AM,46589272,2/18/2026 5:59:31 PM,2/19/2026 12:33:26 AM,-134283.073071128,6549379.31563303
SWS00864,Southern Water,0,7/31/2025 6:20:11 PM,50.7660963802691,-1.29919533791917,COWES HARBOUR,7/31/2025 5:45:43 PM,46589273,7/31/2025 5:08:20 PM,7/31/2025 6:20:11 PM,-144625.763458157,6580022.70929868
SWS00670,Southern Water,0,3/6/2026 6:10:43 PM,50.7190957987423,-1.3678219977696,IOW STREAMS,3/6/2026 6:40:00 PM,46589274,3/6/2026 5:57:11 PM,3/6/2026 6:10:43 PM,-152265.24828755,6571754.6359668
SWS00747,Southern Water,0,2/18/2026 9:40:44 PM,50.6839529613935,-1.52322351438,WESTERN YAR,2/18/2026 10:25:00 PM,46589275,2/18/2026 5:20:47 PM,2/18/2026 9:40:44 PM,-169564.465985122,6565577.92564611
SWS00758,Southern Water,0,2/1/2026 8:00:41 PM,50.7211857985839,-1.10946629294053,SOLENT,2/1/2026 8:50:00 PM,46589276,2/1/2026 6:14:03 PM,2/1/2026 8:00:41 PM,-123505.222782441,6572122.12053542
SWS00572,Southern Water,0,7/31/2025 7:53:50 PM,50.7028784460125,-1.4137092135677,NEWTOWN RIVER,7/31/2025 7:05:20 PM,46589277,7/31/2025 6:15:22 PM,7/31/2025 7:53:50 PM,-157373.389784116,6568903.69644232
SWS00936,Southern Water,0,3/6/2026 4:23:21 PM,50.6883587208125,-1.42351667573268,IOW STREAMS,3/6/2026 5:20:00 PM,46589278,3/6/2026 12:46:25 PM,3/6/2026 4:23:21 PM,-158465.151478295,6566352.02885829
SWS00805,Southern Water,0,2/18/2026 9:53:00 PM,50.7250664886288,-1.12313552864106,SOLENT,2/18/2026 10:35:01 PM,46589279,2/18/2026 9:33:57 PM,2/18/2026 9:53:00 PM,-125026.875140157,6572804.50554602
SWS00809,Southern Water,0,9/30/2024 12:54:00 PM,50.7010540836775,-1.09942544661076,SOLENT,10/31/2024 9:46:35 AM,46589280,9/30/2024 8:52:00 AM,9/30/2024 12:54:00 PM,-122387.480881877,6568583.04324532
SWS00815,Southern Water,0,3/13/2026 1:44:39 AM,50.7626588826429,-1.29584371228644,SOLENT,3/13/2026 2:20:00 AM,46589281,3/13/2026 1:42:57 AM,3/13/2026 1:44:39 AM,-144252.662199392,6579417.72299056
SWS00857,Southern Water,0,2/1/2026 7:11:01 PM,50.7626588826429,-1.29584371228644,SOLENT,2/1/2026 7:50:01 PM,46589282,2/1/2026 7:09:36 PM,2/1/2026 7:11:01 PM,-144252.662199392,6579417.72299056
SWS00977,Southern Water,0,2/19/2026 1:14:55 AM,50.7078658159516,-1.49975466058068,SOLENT,2/19/2026 3:30:01 AM,46589283,2/18/2026 4:06:14 PM,2/19/2026 1:14:55 AM,-166951.92513068,6569780.34920507
SWS00937,Southern Water,0,3/13/2026 1:50:00 AM,50.7335270076182,-1.17207787737467,SOLENT,3/13/2026 3:00:00 AM,46589284,3/13/2026 1:36:00 AM,3/13/2026 1:50:00 AM,-130475.112479409,6574292.40891043
SWS00956,Southern Water,0,2/19/2026 4:00:52 AM,50.6542951338533,-1.21187919039521,TRIBUTARY OF RIVER YAR,2/19/2026 5:05:00 AM,46589285,2/18/2026 6:07:13 PM,2/19/2026 4:00:52 AM,-134905.774377759,6560368.85984871
SWS00209,Southern Water,0,1/7/2026 4:10:00 AM,51.317504406455,0.88937001455945,FAVERSHAM CREEK,1/7/2026 4:30:00 AM,46589286,1/7/2026 3:40:00 AM,1/7/2026 4:10:00 AM,99004.2171475643,6677649.9134885
SWS00143,Southern Water,0,1/7/2026 6:45:50 AM,51.2953803477963,0.502795750331928,MEDWAY,1/7/2026 7:30:00 AM,46589287,1/7/2026 4:10:12 AM,1/7/2026 6:45:50 AM,55970.9668999721,6673710.34746064
SWS00008,Southern Water,0,7/15/2024 8:22:00 PM,51.2723400400563,0.528642129134141,RIVER LEN,7/15/2024 9:31:52 PM,46589288,7/15/2024 8:06:00 PM,7/15/2024 8:22:00 PM,58848.1726270845,6669609.64516971
SWS00113,Southern Water,0,3/13/2026 3:30:00 AM,51.3763747594858,0.623759742634924,MEDWAY,3/13/2026 4:00:00 AM,46589289,3/13/2026 3:26:00 AM,3/13/2026 3:30:00 AM,69436.6169274631,6688142.04702836
SWS00036,Southern Water,0,3/13/2026 5:38:03 AM,51.1410046328915,-0.0136728833082105,MEDWAY,3/13/2026 6:20:00 AM,46589290,3/13/2026 3:23:42 AM,3/13/2026 5:38:03 AM,-1522.05840754584,6646273.81240576
SWS00037,Southern Water,0,2/16/2026 6:24:00 PM,51.1719690730648,0.900432187559333,THE  GREAT STOUR,2/16/2026 7:00:00 PM,46589291,2/15/2026 12:12:00 PM,2/16/2026 6:24:00 PM,100235.652612978,6651769.62017302
SWS00041,Southern Water,0,7/6/2025 4:36:00 PM,51.2715742538482,0.51827676838478,MEDWAY,7/6/2025 5:20:14 PM,46589292,7/6/2025 4:28:00 PM,7/6/2025 4:36:00 PM,57694.3059465771,6669473.38624251
SWS00481,Southern Water,0,2/15/2026 5:15:48 PM,51.1363356247096,0.871891041336215,TRIBUTARY OF THE EAST STOUR RIVER,2/15/2026 6:00:00 PM,46589293,2/15/2026 12:40:08 PM,2/15/2026 5:15:48 PM,97058.4667487645,6645445.44068788
SWS90137,Southern Water,0,9/3/2025 1:15:00 PM,51.3763747594858,0.623759742634924,RIVER MEDWAY,1/13/2026 1:55:00 PM,46589294,9/3/2025 1:00:00 PM,9/3/2025 1:15:00 PM,69436.6169274631,6688142.04702836
SWS00074,Southern Water,0,2/15/2026 1:21:42 PM,51.2967300883303,0.515349974076559,MEDWAY,2/15/2026 2:00:00 PM,46589295,2/15/2026 12:00:55 PM,2/15/2026 1:21:42 PM,57368.4966945293,6673950.63739686
SWS00076,Southern Water,0,2/16/2026 4:29:33 AM,51.1222375034792,0.975208979622469,STOUR,2/16/2026 5:20:00 AM,46589296,2/15/2026 7:03:46 PM,2/16/2026 4:29:33 AM,108559.767028601,6642944.67145281
SWS00085,Southern Water,0,1/15/2026 8:47:48 PM,51.2228633070353,0.33443617821713,BOURNE,1/15/2026 9:30:00 PM,46589297,1/15/2026 6:00:43 PM,1/15/2026 8:47:48 PM,37229.2650619794,6660810.74492337
SWS00103,Southern Water,0,2/6/2026 10:58:50 AM,51.1293092933134,0.449636186997798,TRIBUTARY OF THE RIVER TEISE,2/6/2026 11:50:00 AM,46589298,2/6/2026 8:06:22 AM,2/6/2026 10:58:50 AM,50053.271378824,6644198.99242787
SWS00114,Southern Water,0,3/24/2026 10:40:00 PM,51.3763747594858,0.623759742634924,MEDWAY,3/25/2026 12:00:00 AM,46589299,3/24/2026 10:38:00 PM,3/24/2026 10:40:00 PM,69436.6169274631,6688142.04702836
SWS00117,Southern Water,0,4/23/2025 6:15:00 AM,51.3936946038063,0.493783785127872,MEDWAY,4/23/2025 10:15:08 PM,46589300,4/23/2025 5:30:00 AM,4/23/2025 6:15:00 AM,54967.7595224099,6691231.43434699
SWS00132,Southern Water,0,9/3/2025 5:52:07 AM,51.1558667300978,0.885976934603507,GREAT STOUR,9/3/2025 5:30:55 AM,46589301,9/3/2025 4:54:58 AM,9/3/2025 5:52:07 AM,98626.5012146478,6648911.19179963
SWS00137,Southern Water,0,2/15/2026 3:19:00 PM,51.1982392973877,0.283375941752822,MILL POND,2/15/2026 4:00:00 PM,46589302,2/15/2026 1:33:46 PM,2/15/2026 3:19:00 PM,31545.2655389885,6656435.15658782
SWS00147,Southern Water,0,2/18/2026 11:30:53 PM,51.0533258140301,0.51240753818334,HEXDEN CHANNEL,2/19/2026 5:05:00 AM,46589303,2/18/2026 10:58:36 PM,2/18/2026 11:30:53 PM,57040.9462292043,6630731.86801197
SWS00176,Southern Water,0,1/15/2026 10:20:31 PM,51.1978084994876,0.168983247199149,MEDWAY,1/15/2026 10:50:00 PM,46589304,1/15/2026 3:36:42 PM,1/15/2026 10:20:31 PM,18811.1290308031,6656358.62633859
SWS00153,Southern Water,0,1/10/2026 9:49:18 AM,51.1404690199675,0.166865875834849,MEDWAY,1/10/2026 10:10:00 AM,46589305,1/10/2026 9:28:51 AM,1/10/2026 9:49:18 AM,18575.424328709,6646178.78013277
SWS00158,Southern Water,0,11/3/2022 1:52:56 AM,51.3763747594858,0.623759742634924,MEDWAY,10/16/2025 8:10:59 AM,46589306,11/3/2022 1:48:56 AM,11/3/2022 1:52:56 AM,69436.6169274631,6688142.04702836
SWS00163,Southern Water,0,4/4/2026 3:18:00 PM,51.3936946038063,0.493783785127872,MEDWAY,4/4/2026 4:00:00 PM,46589307,4/4/2026 2:04:00 PM,4/4/2026 3:18:00 PM,54967.7595224099,6691231.43434699
SWS00166,Southern Water,0,3/15/2026 10:02:00 PM,51.3850753811902,0.522492952851598,MEDWAY,3/15/2026 10:40:00 PM,46589308,3/15/2026 5:04:00 PM,3/15/2026 10:02:00 PM,58163.6494545138,6689693.8542242
SWS00167,Southern Water,0,2/25/2026 4:47:31 PM,51.1007736353589,0.394416433447213,MEDWAY,2/25/2026 5:40:00 PM,46589309,2/15/2026 11:37:51 AM,2/25/2026 4:47:31 PM,43906.2365318428,6639138.80783968
SWS00168,Southern Water,0,2/22/2024 10:30:43 PM,51.3514169532343,1.06258030261153,STOUR,2/22/2024 6:35:50 PM,46589310,2/22/2024 5:40:20 PM,2/22/2024 10:30:43 PM,118285.898213678,6683692.31088762
SWS00555,Southern Water,0,1/16/2026 10:47:23 AM,51.4637676786335,0.501635072178067,TRIBUTARY OF CLIFFE CREEK,2/12/2026 4:00:00 PM,46589311,1/16/2026 10:01:38 AM,1/16/2026 10:47:23 AM,55841.7607989095,6703742.51033583
SWS00186,Southern Water,0,2/12/2026 4:18:00 PM,51.3851590275378,0.522785023133634,RIVER MEDWAY ESTUARY,2/12/2026 5:15:00 PM,46589312,2/12/2026 4:16:00 PM,2/12/2026 4:18:00 PM,58196.1625695859,6689708.77447537
SWS00187,Southern Water,0,6/7/2025 6:38:00 PM,51.4456337863511,0.370249847199729,THAMES,6/7/2025 6:15:24 PM,46589313,6/7/2025 5:20:00 PM,6/7/2025 6:38:00 PM,41216.0244565612,6700502.98510043
SWS00189,Southern Water,0,3/13/2026 6:30:00 PM,51.2193922095741,0.254634864229561,HILDEN BROOK,3/13/2026 7:00:00 PM,46589314,3/13/2026 6:24:00 PM,3/13/2026 6:30:00 PM,28345.8234242491,6660193.80305649
SWS00190,Southern Water,0,3/13/2026 8:46:19 AM,51.2207730576968,0.252983771714927,HILDEN BROOK,3/13/2026 10:40:00 AM,46589315,3/13/2026 4:46:28 AM,3/13/2026 8:46:19 AM,28162.0246462674,6660439.22505532
SWS00195,Southern Water,0,5/21/2024 4:06:00 PM,51.3542413079923,0.517638203714047,RIVER MEDWAY,5/21/2024 6:01:05 PM,46589316,5/21/2024 3:52:00 PM,5/21/2024 4:06:00 PM,57623.2212525925,6684195.74444231
SWS00197,Southern Water,0,4/1/2026 8:44:00 PM,51.3850753811902,0.522492952851598,MEDWAY,4/2/2026 10:40:00 AM,46589317,4/1/2026 8:38:00 PM,4/1/2026 8:44:00 PM,58163.6494545138,6689693.8542242
SWS00260,Southern Water,0,1/27/2026 1:45:41 PM,51.0831226360264,1.19933567174437,ENGLISH CHANNEL,3/24/2026 1:25:00 PM,46589318,1/27/2026 1:43:34 PM,1/27/2026 1:45:41 PM,133509.436268792,6636010.34648813
SWS00204,Southern Water,0,11/18/2024 1:30:00 AM,51.3884755399375,0.510749215409006,RIVER MEDWAY ESTUARY,11/18/2024 2:16:50 AM,46589319,11/18/2024 1:15:00 AM,11/18/2024 1:30:00 AM,56856.3425823945,6690300.37276778
SWS00203,Southern Water,0,2/15/2026 1:32:00 PM,51.3864961619396,0.510784565228183,MEDWAY,2/18/2026 1:20:00 PM,46589320,2/15/2026 12:58:00 PM,2/15/2026 1:32:00 PM,56860.277706265,6689947.28687185
SWS90016,Southern Water,0,10/8/2025 3:27:42 AM,51.3884755399375,0.510749215409006,RIVER MEDWAY ESTUARY,10/8/2025 3:05:15 AM,46589321,10/8/2025 2:46:13 AM,10/8/2025 3:27:42 AM,56856.3425823945,6690300.37276778
SWS00226,Southern Water,0,3/24/2026 10:34:00 PM,51.4301552842764,0.366283232118545,THAMES,3/24/2026 11:00:00 PM,46589322,3/24/2026 10:26:00 PM,3/24/2026 10:34:00 PM,40774.4628855509,6697738.84900937
SWS00841,Southern Water,0,10/29/2025 4:24:22 PM,51.3434301261236,0.742650921017059,MILTON CREEK,2/4/2026 4:55:00 PM,46589323,10/29/2025 3:46:50 PM,10/29/2025 4:24:22 PM,82671.5223647746,6682268.84861231
SWS00097,Southern Water,0,1/30/2026 9:20:35 PM,51.1344019961608,0.468346586185681,TEISE AND LESSER TEISE,1/30/2026 9:50:00 PM,46589324,1/30/2026 7:53:43 PM,1/30/2026 9:20:35 PM,52136.103488958,6645102.40237801
SWS00254,Southern Water,0,2/20/2026 7:00:00 PM,51.3986181949902,0.528414218792154,MEDWAY,2/20/2026 8:20:00 PM,46589325,2/20/2026 6:40:00 PM,2/20/2026 7:00:00 PM,58822.801763868,6692109.8820696
SWS00257,Southern Water,0,11/1/2025 5:01:24 AM,51.2038101223833,0.797055180726367,STOUR,11/1/2025 5:40:00 AM,46589326,11/1/2025 4:42:45 AM,11/1/2025 5:01:24 AM,88727.7768525998,6657424.86521444
SWS00262,Southern Water,0,2/15/2026 1:52:11 PM,51.1440366281811,0.8769450218663,STOUR,2/15/2026 2:20:00 PM,46589327,2/15/2026 1:34:02 PM,2/15/2026 1:52:11 PM,97621.0732878527,6646811.7914677
SWS00272,Southern Water,0,2/15/2026 12:48:01 PM,51.3434301261236,0.742650921017059,MILTON CREEK,2/15/2026 1:40:00 PM,46589328,2/15/2026 12:30:55 PM,2/15/2026 12:48:01 PM,82671.5223647746,6682268.84861231
SWS90130,Southern Water,0,12/12/2023 5:45:00 PM,51.1851147524041,0.704757731568462,STOUR,10/16/2025 8:10:59 AM,46589329,12/12/2023 3:45:00 PM,12/12/2023 5:45:00 PM,78453.2718108238,6654103.93269415
SWS00282,Southern Water,0,3/13/2026 3:32:00 AM,51.2171998739517,0.209275428285014,MEDWAY,3/13/2026 4:00:00 AM,46589330,3/13/2026 3:12:00 AM,3/13/2026 3:32:00 AM,23296.434112232,6659804.16823636
SWS00306,Southern Water,0,9/3/2025 12:38:00 PM,51.3928548119786,0.570073996039001,RIVER MEDWAY,9/3/2025 1:10:46 PM,46589331,9/3/2025 12:18:00 PM,9/3/2025 12:38:00 PM,63460.3469535483,6691081.61143891
SWS00336,Southern Water,0,1/7/2026 3:24:00 AM,51.3960230814688,0.502680306947153,MEDWAY,1/7/2026 3:50:00 AM,46589332,1/7/2026 2:54:00 AM,1/7/2026 3:24:00 AM,55958.1158011635,6691646.86036518
SWS00228,Southern Water,0,2/15/2026 12:40:00 PM,51.3960292178299,0.502393106006375,MEDWAY,2/15/2026 1:00:00 PM,46589333,2/15/2026 12:16:00 PM,2/15/2026 12:40:00 PM,55926.1447386808,6691647.95518741
SWS00355,Southern Water,0,3/3/2026 12:28:00 AM,51.1487260542097,0.861792127148705,STOUR,3/3/2026 1:00:00 AM,46589334,3/3/2026 12:00:00 AM,3/3/2026 12:28:00 AM,95934.2607638459,6647643.92469817
SWS00006,Southern Water,0,2/16/2026 3:04:51 PM,51.3224907888629,0.902315774188843,FAVERSHAM CREEK,2/16/2026 3:40:00 PM,46589335,2/16/2026 2:54:36 PM,2/16/2026 3:04:51 PM,100445.33251744,6678538.08627686
SWS00736,Southern Water,0,10/23/2025 12:24:00 AM,51.0725278433068,1.14563323944317,ENGLISH CHANNEL,11/4/2025 2:35:00 PM,46589336,10/22/2025 10:41:00 PM,10/23/2025 12:24:00 AM,127531.308850662,6634133.0997472
SWS00370,Southern Water,0,3/13/2026 5:40:19 AM,51.115656443974,0.180850709148898,RIVER GROOM,3/13/2026 6:20:00 AM,46589337,3/13/2026 4:47:55 AM,3/13/2026 5:40:19 AM,20132.2088520577,6641777.56363213
SWS00375,Southern Water,0,9/30/2024 9:10:00 AM,51.3960230814688,0.502680306947153,MEDWAY,9/30/2024 10:17:28 AM,46589338,9/30/2024 9:02:00 AM,9/30/2024 9:10:00 AM,55958.1158011635,6691646.86036518
SWS00373,Southern Water,0,1/7/2026 3:00:00 AM,51.3850753811902,0.522492952851598,RIVER MEDWAY ESTUARY,1/7/2026 3:30:00 AM,46589339,1/7/2026 2:54:00 AM,1/7/2026 3:00:00 AM,58163.6494545138,6689693.8542242
SWS00372,Southern Water,0,7/6/2025 5:46:00 PM,51.3850753811902,0.522492952851598,RIVER MEDWAY ESTUARY,7/6/2025 6:20:25 PM,46589340,7/6/2025 5:32:00 PM,7/6/2025 5:46:00 PM,58163.6494545138,6689693.8542242
SWS00032,Southern Water,0,7/16/2024 8:02:00 PM,51.3592108289623,0.737057479722412,SWALE,7/16/2024 7:15:46 PM,46589341,7/14/2024 7:28:00 AM,7/16/2024 8:02:00 PM,82048.8633280725,6685081.62339299
SWS00385,Southern Water,0,2/19/2026 3:28:20 AM,51.0682922335022,0.696368001918108,TIDER GILL,2/19/2026 4:15:00 AM,46589342,2/18/2026 9:20:49 PM,2/19/2026 3:28:20 AM,77519.3313782531,6633382.7301237
SWS00957,Southern Water,0,11/10/2025 9:03:03 PM,51.3340377599099,1.4327561716457,NORTH SEA,11/10/2025 10:05:00 PM,46589343,11/10/2025 7:41:23 PM,11/10/2025 9:03:03 PM,159493.687458519,6680595.19971522
SWS00424,Southern Water,0,1/7/2026 2:54:00 AM,51.4455439460242,0.370245193468291,THAMES,1/7/2026 3:10:00 AM,46589344,1/7/2026 2:46:00 AM,1/7/2026 2:54:00 AM,41215.5064055472,6700486.93879783
SWS00429,Southern Water,0,4/24/2023 2:38:00 PM,51.3763747594858,0.623759742634924,RIVER MEDWAY,10/16/2025 8:10:59 AM,46589345,4/24/2023 1:34:00 PM,4/24/2023 2:38:00 PM,69436.6169274631,6688142.04702836
SWS00434,Southern Water,0,2/6/2026 8:15:00 PM,51.2069282761807,0.255973081568066,HILDEN BROOK,3/23/2026 2:30:00 PM,46589346,2/6/2026 8:00:00 PM,2/6/2026 8:15:00 PM,28494.7930969422,6657978.8863512
SWS00440,Southern Water,0,3/13/2026 4:30:38 AM,51.1576072353585,0.249904421848051,MEDWAY,3/13/2026 5:20:00 AM,46589347,3/13/2026 4:20:51 AM,3/13/2026 4:30:38 AM,27819.2329871125,6649220.11176268
SWS00235,Southern Water,0,9/1/2023 4:00:00 PM,51.3850722889368,0.522636516837572,MEDWAY,10/16/2025 8:10:59 AM,46589348,9/1/2023 3:30:00 PM,9/1/2023 4:00:00 PM,58179.6309243287,6689693.30265016
SWS00450,Southern Water,0,2/5/2026 11:36:10 PM,51.1432292759928,0.407336791221863,MEDWAY,2/6/2026 9:50:00 AM,46589349,2/5/2026 8:47:13 PM,2/5/2026 11:36:10 PM,45344.5241801838,6646668.53628506
SWS00453,Southern Water,0,4/3/2026 3:12:42 PM,51.2787721459584,1.05100231640025,TRIBUTARY OF THE GREAT STOUR,4/3/2026 4:00:00 PM,46589350,4/3/2026 2:29:48 PM,4/3/2026 3:12:42 PM,116997.042684227,6670754.22115767
SWS00002,Southern Water,0,2/15/2026 1:49:16 PM,51.1378815000239,0.242083095300749,MEDWAY,2/15/2026 6:30:00 PM,46589351,2/15/2026 1:37:28 PM,2/15/2026 1:49:16 PM,26948.5668985389,6645719.69937997
SWS00466,Southern Water,0,10/29/2025 7:09:57 PM,51.3772868867756,0.729441383841689,SWALE,1/19/2026 12:15:00 PM,46589352,10/29/2025 4:56:57 PM,10/29/2025 7:09:57 PM,81201.0434127976,6688304.71646947
SWS00473,Southern Water,0,7/21/2025 4:06:00 AM,51.2723833512323,0.526637162463187,LEN,7/21/2025 4:55:53 AM,46589353,7/21/2025 4:02:00 AM,7/21/2025 4:06:00 AM,58624.9807582165,6669617.35174143
SWS00480,Southern Water,0,7/21/2025 5:40:47 PM,51.286262034264,1.08778923886484,THE  GREAT STOUR,2/6/2026 3:30:00 PM,46589354,7/21/2025 5:39:44 PM,7/21/2025 5:40:47 PM,121092.144160837,6672087.22866739
SWS90021,Southern Water,0,12/9/2023 1:02:41 PM,51.1003452936194,0.718232794196963,UNNAMED WATERCOURSE,10/16/2025 8:10:59 AM,46589355,12/9/2023 10:49:27 AM,12/9/2023 1:02:41 PM,79953.308921036,6639062.8744535
SWS00485,Southern Water,0,7/15/2024 8:12:00 PM,51.2702549147287,0.52107210791003,MEDWAY,7/15/2024 9:17:03 PM,46589356,7/15/2024 8:06:00 PM,7/15/2024 8:12:00 PM,58005.4817191222,6669238.63710197
SWS00290,Southern Water,0,8/11/2022 6:53:00 PM,51.1878214252928,0.217172123058058,RIVER MEDWAY,10/16/2025 8:10:59 AM,46589357,8/11/2022 6:38:01 PM,8/11/2022 6:53:00 PM,24175.4901533172,6654584.64629664
SWS00504,Southern Water,0,3/6/2026 12:15:00 PM,51.1756620415391,0.00913389416308724,MEDWAY,3/6/2026 2:20:00 PM,46589358,3/6/2026 11:45:00 AM,3/6/2026 12:15:00 PM,1016.78044719453,6652425.32297911
SWS00517,Southern Water,0,11/29/2025 2:18:00 PM,51.2759530058405,1.3354864003164,THE DELF STREAM,2/12/2026 3:25:00 PM,46589359,11/29/2025 2:14:00 PM,11/29/2025 2:18:00 PM,148665.666044564,6670252.54301191
SWS00535,Southern Water,0,2/20/2026 6:54:00 PM,51.3850722889368,0.522636516837572,MEDWAY,2/20/2026 8:20:00 PM,46589360,2/20/2026 6:32:00 PM,2/20/2026 6:54:00 PM,58179.6309243287,6689693.30265016
SWS00537,Southern Water,0,2/12/2026 4:10:00 PM,51.3849855501386,0.522488011102561,RIVER MEDWAY,2/12/2026 4:30:00 PM,46589361,2/12/2026 4:00:00 PM,2/12/2026 4:10:00 PM,58163.0993415274,6689677.83081911
SWS00538,Southern Water,0,3/24/2026 10:54:30 PM,51.3763747594858,0.623759742634924,MEDWAY,3/24/2026 11:20:00 PM,46589362,3/24/2026 10:36:35 PM,3/24/2026 10:54:30 PM,69436.6169274631,6688142.04702836
SWS00542,Southern Water,0,6/14/2025 12:13:00 AM,51.1295751613183,1.30782168740897,DOUR,6/13/2025 10:30:10 PM,46589363,6/13/2025 9:56:59 PM,6/14/2025 12:13:00 AM,145586.044290766,6644246.15309208
SWS00547,Southern Water,0,1/27/2026 1:07:58 PM,51.1757810414331,0.485007801233576,MEDWAY,1/27/2026 1:50:00 PM,46589364,1/27/2026 10:42:51 AM,1/27/2026 1:07:58 PM,53990.8214640869,6652446.45280745
SWS00559,Southern Water,0,1/28/2026 2:00:51 AM,51.1493301618485,0.881135630216017,STOUR,1/28/2026 2:50:00 AM,46589365,1/27/2026 7:39:25 AM,1/28/2026 2:00:51 AM,98087.5696754572,6647751.12904828
SWS00562,Southern Water,-1,11/10/2025 2:06:00 PM,51.3851621199768,0.522641458892674,MEDWAY,2/2/2026 3:50:00 PM,46589366,11/10/2025 2:06:00 PM,11/10/2025 2:12:00 PM,58180.1810713861,6689709.32608356
SWS00411,Southern Water,0,8/1/2021 4:22:21 PM,51.3161616011751,0.874502247096338,FAVERSHAM CREEK (VIA DRAIN),10/16/2025 8:10:59 AM,46589367,8/1/2021 4:07:15 PM,8/1/2021 4:22:21 PM,97349.1448443378,6677410.74995536
SWS00571,Southern Water,0,2/23/2026 12:14:41 AM,51.1713994255164,0.905261056113926,MILL STREAM,2/23/2026 1:00:00 AM,46589368,2/22/2026 10:04:40 AM,2/23/2026 12:14:41 AM,100773.199801583,6651668.48141852
SWS00580,Southern Water,0,4/16/2024 10:24:00 AM,51.3470403821565,0.73827073313876,MILTON CREEK,4/16/2024 11:15:51 AM,46589369,4/16/2024 10:06:00 AM,4/16/2024 10:24:00 AM,82183.9220805835,6682912.26029384
SWS00594,Southern Water,0,7/6/2025 5:14:00 AM,51.3851621199768,0.522641458892674,MEDWAY,7/6/2025 6:00:11 AM,46589370,7/6/2025 5:08:00 AM,7/6/2025 5:14:00 AM,58180.1810713861,6689709.32608356
SWS00001,Southern Water,0,2/15/2026 9:15:00 AM,51.1531302595461,0.880228302305469,STOUR,2/15/2026 9:40:01 AM,46589371,2/15/2026 8:16:00 AM,2/15/2026 9:15:00 AM,97986.5663944725,6648425.52284487
SWS00609,Southern Water,0,7/6/2025 2:39:00 PM,51.1475296637842,0.278011806558217,MEDWAY,7/8/2025 1:18:46 PM,46589372,7/6/2025 2:24:00 PM,7/6/2025 2:39:00 PM,30948.1327405788,6647431.61856598
SWS00611,Southern Water,0,7/21/2025 5:55:38 AM,51.3175079446109,0.889226704980075,FAVERSHAM CREEK,7/21/2025 6:35:20 AM,46589373,7/21/2025 5:43:20 AM,7/21/2025 5:55:38 AM,98988.2639981625,6677650.54366943
SWS00619,Southern Water,0,11/19/2025 11:34:00 AM,51.3884755399375,0.510749215409006,MEDWAY,11/21/2025 9:05:00 AM,46589374,11/19/2025 11:30:00 AM,11/19/2025 11:34:00 AM,56856.3425823945,6690300.37276778
SWS00627,Southern Water,0,2/15/2026 1:10:00 PM,51.4456337863511,0.370249847199729,THAMES,2/15/2026 1:40:00 PM,46589375,2/15/2026 12:22:00 PM,2/15/2026 1:10:00 PM,41216.0244565612,6700502.98510043
SWS00630,Southern Water,0,2/15/2026 1:11:49 PM,51.3763747594858,0.623759742634924,MEDWAY,2/15/2026 2:20:00 PM,46589376,2/15/2026 11:08:48 AM,2/15/2026 1:11:49 PM,69436.6169274631,6688142.04702836
SWS00581,Southern Water,0,2/15/2026 2:10:00 PM,51.4445664239515,0.378541775690522,TIDAL RIVER THAMES,2/15/2026 3:00:00 PM,46589377,2/15/2026 10:34:00 AM,2/15/2026 2:10:00 PM,42139.0777138505,6700312.34647162
SWS00639,Southern Water,0,10/8/2024 10:10:00 PM,51.2723802587146,0.526780374533569,RIVER LEN,10/8/2024 11:17:14 PM,46589378,10/8/2024 10:06:00 PM,10/8/2024 10:10:00 PM,58640.9230529668,6669616.80147423
SWS00654,Southern Water,0,10/29/2025 3:49:30 PM,51.1644863005288,0.266259776334564,MEDWAY,10/29/2025 5:10:00 PM,46589379,10/29/2025 3:22:21 PM,10/29/2025 3:49:30 PM,29639.9027202946,6650441.18195412
SWS00739,Southern Water,0,9/18/2023 10:52:00 AM,51.2811704987142,0.515359978392225,MEDWAY,10/16/2025 8:10:59 AM,46589380,9/18/2023 10:35:00 AM,9/18/2023 10:52:00 AM,57369.610369855,6671181.04261506
SWS00225,Southern Water,0,7/21/2025 5:58:00 PM,51.4456337863511,0.370249847199729,THAMES,7/21/2025 7:35:05 PM,46589381,7/21/2025 5:42:00 PM,7/21/2025 5:58:00 PM,41216.0244565612,6700502.98510043
SWS00679,Southern Water,0,3/13/2026 10:44:14 AM,51.1878932786066,0.292739241661652,SOMERHILL STREAM,3/13/2026 11:20:00 AM,46589382,3/13/2026 9:48:23 AM,3/13/2026 10:44:14 AM,32587.5833169842,6654597.40805542
SWS00680,Southern Water,0,2/15/2026 2:21:30 PM,51.1912276131326,0.278592383970935,BOTANY STREAM,2/15/2026 3:20:00 PM,46589383,2/15/2026 12:55:44 PM,2/15/2026 2:21:30 PM,31012.7623225286,6655189.63607168
SWS00689,Southern Water,0,5/19/2025 11:15:25 AM,51.4185532853829,0.763129031492394,TRIBUTARY OF THE WEST SWALE,10/16/2025 8:10:59 AM,46589384,5/19/2025 11:13:34 AM,5/19/2025 11:15:25 AM,84951.1351952973,6695667.58909978
SWS00692,Southern Water,0,2/26/2024 11:45:00 AM,50.9815572973517,0.961071009047623,QUEENS ROAD DITCH,2/26/2024 4:19:49 AM,46589385,2/26/2024 3:15:00 AM,2/26/2024 11:45:00 AM,106985.935343359,6618032.07032216
SWS00690,Southern Water,0,1/8/2026 10:32:00 AM,51.1531302595461,0.880228302305469,STOUR,1/8/2026 11:10:00 AM,46589386,1/8/2026 10:11:36 AM,1/8/2026 10:32:00 AM,97986.5663944725,6648425.52284487
SWS00696,Southern Water,0,1/8/2026 7:42:12 PM,51.1062941402251,0.718853413155171,UNNAMED TRIBUTARY OF TENTERDEN SEWER,1/8/2026 8:15:00 PM,46589387,1/8/2026 7:24:56 PM,1/8/2026 7:42:12 PM,80022.3959074403,6640117.50676676
SWS00708,Southern Water,0,3/31/2026 12:52:00 PM,51.2235328025373,0.245098048747068,HILDEN BROOK,3/31/2026 1:40:00 PM,46589388,3/31/2026 11:52:00 AM,3/31/2026 12:52:00 PM,27284.1899809486,6660929.74428505
SWS00712,Southern Water,0,11/18/2024 11:28:00 AM,51.3844582726487,0.513547617611517,RIVER MEDWAY,11/18/2024 4:56:22 PM,46589389,11/18/2024 11:12:00 AM,11/18/2024 11:28:00 AM,57167.8592906128,6689583.77955619
SWS00737,Southern Water,0,10/13/2023 7:48:00 AM,51.0707193085563,1.1225241328128,ENGLISH CHANNEL,10/16/2025 8:10:59 AM,46589390,10/13/2023 6:34:00 AM,10/13/2023 7:48:00 AM,124958.814867882,6633812.69603046
SWS00759,Southern Water,0,2/1/2026 11:44:00 AM,51.3850753811902,0.522492952851598,RIVER MEDWAY ESTUARY,2/1/2026 12:30:00 PM,46589391,2/1/2026 11:20:00 AM,2/1/2026 11:44:00 AM,58163.6494545138,6689693.8542242
SWS00760,Southern Water,0,2/1/2026 11:42:00 AM,51.3851621199768,0.522641458892674,RIVER MEDWAY ESTUARY,2/1/2026 12:10:00 PM,46589392,2/1/2026 11:36:00 AM,2/1/2026 11:42:00 AM,58180.1810713861,6689709.32608356
SWS00767,Southern Water,0,10/23/2025 1:29:20 AM,51.4286100547355,0.780555290216645,MINSTER MARSHES,11/6/2025 5:55:00 AM,46589393,10/22/2025 11:10:06 PM,10/23/2025 1:29:20 AM,86891.0174429128,6697462.95480986
SWS00776,Southern Water,0,9/4/2025 10:24:00 AM,51.4456337863511,0.370249847199729,THAMES,9/4/2025 10:50:24 AM,46589394,9/3/2025 12:12:00 PM,9/4/2025 10:24:00 AM,41216.0244565612,6700502.98510043
SWS00786,Southern Water,0,9/8/2024 2:16:00 PM,51.1501384349341,0.88118600000488,STOUR,9/8/2024 3:02:26 PM,46589395,9/8/2024 1:56:00 PM,9/8/2024 2:16:00 PM,98093.1768147048,6647894.56659353
SWS00789,Southern Water,0,1/28/2026 2:10:19 AM,51.1412701315539,0.876058004428854,STOUR,1/28/2026 3:10:00 AM,46589396,1/27/2026 8:56:28 AM,1/28/2026 2:10:19 AM,97522.3309583914,6646320.91948469
SWS00795,Southern Water,0,1/27/2026 8:45:32 AM,51.4161151447041,0.742111105996283,RIVER SWALE ESTUARY,1/27/2026 11:20:00 AM,46589397,1/27/2026 8:42:32 AM,1/27/2026 8:45:32 AM,82611.4304315393,6695232.38414537
SWS00797,Southern Water,0,3/13/2026 5:04:00 AM,51.1601376148138,0.244592543187112,MEDWAY,3/13/2026 5:20:00 AM,46589398,3/13/2026 4:24:00 AM,3/13/2026 5:04:00 AM,27227.9173594211,6649669.24623355
SWS00817,Southern Water,0,10/23/2025 5:39:43 AM,51.3974285466846,0.55422779116896,TEST,10/23/2025 12:40:00 PM,46589399,10/23/2025 5:27:34 AM,10/23/2025 5:39:43 AM,61696.3554964094,6691897.62104756
SWS00407,Southern Water,0,2/10/2026 6:46:00 PM,51.1977544051014,0.271327858304458,HILDEN BROOK,2/10/2026 7:10:00 PM,46589400,2/10/2026 6:00:00 PM,2/10/2026 6:46:00 PM,30204.0790244817,6656349.01664674
SWS00827,Southern Water,0,2/15/2026 1:52:10 PM,51.3763747594858,0.623759742634924,MEDWAY,2/15/2026 2:20:00 PM,46589401,2/15/2026 10:55:59 AM,2/15/2026 1:52:10 PM,69436.6169274631,6688142.04702836
SWS00867,Southern Water,0,3/15/2026 7:22:55 PM,51.3954738740618,0.565476509373578,MEDWAY,3/15/2026 8:00:00 PM,46589402,3/15/2026 6:51:06 PM,3/15/2026 7:22:55 PM,62948.5570790245,6691548.87381935
SWS00839,Southern Water,0,12/9/2024 8:36:00 PM,51.3851621199768,0.522641458892674,MEDWAY,12/9/2024 8:47:22 PM,46589403,12/9/2024 8:00:00 PM,12/9/2024 8:36:00 PM,58180.1810713861,6689709.32608356
SWS00851,Southern Water,0,2/18/2026 11:02:04 AM,51.2249174162249,0.427926553934865,MEDWAY,2/18/2026 11:40:00 AM,46589404,2/18/2026 10:59:52 AM,2/18/2026 11:02:04 AM,47636.5660809495,6661175.85769602
SWS00852,Southern Water,0,11/10/2025 5:46:19 PM,51.1521170114191,0.254785376693497,MEDWAY,11/10/2025 6:25:00 PM,46589405,11/10/2025 5:16:00 PM,11/10/2025 5:46:19 PM,28362.5783950925,6648245.69881423
SWS00520,Southern Water,0,12/5/2023 12:22:55 AM,51.3743290377172,0.670490068078028,MEDWAY,10/16/2025 8:10:59 AM,46589406,12/5/2023 12:18:55 AM,12/5/2023 12:22:55 AM,74638.6129603934,6687777.22331369
SWS90046,Southern Water,0,3/12/2024 7:45:00 PM,51.3030373433766,1.07241418686514,STOUR,3/13/2024 1:47:12 AM,46589407,3/12/2024 7:30:00 PM,3/12/2024 7:45:00 PM,119380.60120131,6675073.59123844
SWS00899,Southern Water,0,1/7/2026 4:10:14 AM,51.3960292178299,0.502393106006375,RIVER MEDWAY ESTUARY,1/7/2026 4:50:00 AM,46589408,1/7/2026 3:26:28 AM,1/7/2026 4:10:14 AM,55926.1447386808,6691647.95518741
SWS00900,Southern Water,0,12/18/2023 8:28:00 PM,51.1447067479756,0.867978095226527,STOUR,10/16/2025 8:10:59 AM,46589409,12/18/2023 8:00:00 PM,12/18/2023 8:28:00 PM,96622.8795803325,6646930.69827356
SWS00905,Southern Water,0,9/3/2025 12:32:00 PM,51.3851621199768,0.522641458892674,MEDWAY,9/3/2025 1:10:42 PM,46589410,9/3/2025 12:14:00 PM,9/3/2025 12:32:00 PM,58180.1810713861,6689709.32608356
SWS00913,Southern Water,0,1/27/2026 12:39:22 PM,51.1389162821001,0.216114372042856,BARDEN MILL STREAM,1/27/2026 1:20:00 PM,46589411,1/27/2026 6:29:13 AM,1/27/2026 12:39:22 PM,24057.7418489188,6645903.28851408
SWS00930,Southern Water,0,1/7/2026 4:04:00 AM,51.4288020276954,0.813946785397506,NORTH SEA,1/7/2026 4:30:00 AM,46589412,1/7/2026 3:40:01 AM,1/7/2026 4:04:00 AM,90608.1416832723,6697497.23026238
SWS00072,Southern Water,0,1/27/2026 2:29:14 PM,51.1496202144142,0.905751376127955,STOUR,1/27/2026 7:50:00 PM,46589413,1/27/2026 7:52:45 AM,1/27/2026 2:29:14 PM,100827.781975871,6647802.60199124
SWS00091,Southern Water,0,2/15/2026 1:54:00 PM,51.134851377946,0.89195677247584,STOUR,2/15/2026 2:20:00 PM,46589414,2/15/2026 1:36:00 PM,2/15/2026 1:54:00 PM,99292.1737216223,6645182.12435488
SWS00953,Southern Water,0,9/3/2025 1:12:00 PM,51.2756628646944,1.0667142580165,STOUR,9/3/2025 1:31:48 PM,46589415,9/3/2025 1:02:00 PM,9/3/2025 1:12:00 PM,118746.088024321,6670200.9128905
SWS00019,Southern Water,0,2/19/2026 1:00:30 PM,51.0712977620726,0.779202953755711,CRADLEBRIDGE SEWER,2/19/2026 7:00:00 PM,46589416,2/18/2026 9:19:16 PM,2/19/2026 1:00:30 PM,86740.4760367004,6633915.17467701
SWS00966,Southern Water,0,2/20/2026 6:55:14 PM,51.3763747594858,0.623759742634924,MEDWAY,2/20/2026 7:40:00 PM,46589417,2/20/2026 6:37:31 PM,2/20/2026 6:55:14 PM,69436.6169274631,6688142.04702836
SWS00972,Southern Water,0,2/15/2026 2:40:00 PM,51.1343422838146,0.872482096877804,STOUR,2/15/2026 3:20:00 PM,46589418,2/15/2026 1:20:00 PM,2/15/2026 2:40:00 PM,97124.2627506847,6645091.80924718
SWS00182,Southern Water,0,1/27/2026 3:20:23 PM,51.1859307493964,0.932080554122872,GREAT STOUR,1/27/2026 3:50:00 PM,46589419,1/27/2026 9:00:44 AM,1/27/2026 3:20:23 PM,103758.73266327,6654248.85334926
SWS00976,Southern Water,0,2/13/2026 1:12:00 PM,51.2278566588081,0.420632777336355,MEDWAY,2/13/2026 1:50:00 PM,46589420,2/13/2026 12:51:27 PM,2/13/2026 1:12:00 PM,46824.6265840435,6661698.3290573
SWS00053,Southern Water,0,2/18/2026 11:51:00 PM,50.7323355330154,-1.65026045019639,ENGLISH CHANNEL,2/19/2026 12:40:00 PM,46589421,2/18/2026 5:51:32 PM,2/18/2026 11:51:00 PM,-183706.152992141,6574082.85478986
SWS00368,Southern Water,0,2/19/2026 5:02:00 AM,50.7857648860989,-0.989217552833226,HAYLING BAY,2/19/2026 5:25:00 AM,46589422,2/18/2026 7:04:00 PM,2/19/2026 5:02:00 AM,-110119.194265163,6583485.14545099
SWS90061,Southern Water,0,1/27/2025 12:09:00 AM,50.8974082426138,-1.00443543758797,UNNAMED TRIBUTARY OF THE RIVER WALLINGTON,1/27/2025 12:14:25 AM,46589423,1/26/2025 11:22:32 PM,1/27/2025 12:09:00 AM,-111813.241447012,6603166.45279383
SWS00946,Southern Water,0,2/18/2026 10:07:00 PM,50.818983725707,-1.09184960722654,PORTSMOUTH HARBOUR,4/1/2026 8:50:00 AM,46589424,2/18/2026 9:04:00 PM,2/18/2026 10:07:00 PM,-121544.142299294,6589336.28621986
SWS00608,Southern Water,0,3/13/2026 2:30:07 AM,50.818983725707,-1.09184960722654,PORTSMOUTH HARBOUR,3/13/2026 3:00:00 AM,46589425,3/13/2026 1:26:24 AM,3/13/2026 2:30:07 AM,-121544.142299294,6589336.28621986
SWS00483,Southern Water,0,2/1/2026 8:31:22 PM,50.8373363018513,-1.04760974709624,BROOM CHANNEL,2/1/2026 9:30:00 PM,46589426,2/1/2026 5:47:49 PM,2/1/2026 8:31:22 PM,-116619.383596824,6592570.67994094
SWS00895,Southern Water,0,3/17/2026 10:29:36 AM,50.8676062848134,0.209615531652437,CUCKMERE,3/17/2026 11:20:00 AM,46589427,3/16/2026 2:16:22 PM,3/17/2026 10:29:36 AM,23334.2942459106,6597908.13596594
SWS00951,Southern Water,0,3/12/2026 12:00:00 AM,50.8128889693406,0.262964780951569,WILLINGDON SEWER,3/12/2026 12:40:00 AM,46589428,3/11/2026 4:14:41 AM,3/12/2026 12:00:00 AM,29273.1055120934,6588262.44888429
SWS90084,Southern Water,0,1/5/2025 3:35:00 PM,51.4369907956594,0.496286014737051,MEDWAY,1/5/2025 1:05:14 PM,46589429,1/5/2025 11:49:53 AM,1/5/2025 3:35:00 PM,55246.3064483516,6698959.41260482
SWS00150,Southern Water,0,8/19/2020 5:47:00 AM,50.9194751883628,-1.38837121103525,ITCHEN,10/16/2025 8:10:59 AM,46589430,8/15/2020 1:59:00 PM,8/19/2020 5:47:00 AM,-154552.776244485,6607062.15745768
SWS00367,Southern Water,0,2/19/2026 4:25:52 AM,50.9600165976919,-1.40279004075539,TRIBUTARY OF THE RIVER ITCHEN,2/19/2026 5:15:00 AM,46589431,2/18/2026 9:35:41 PM,2/19/2026 4:25:52 AM,-156157.873026766,6614224.16693706
SWS90056,Southern Water,0,10/8/2025 7:57:00 PM,50.9611845780104,-1.42043184967667,UNNAMED TRIBUTARY OF THE MONKS BROOK,11/12/2025 3:40:00 PM,46589432,10/8/2025 6:57:00 PM,10/8/2025 7:57:00 PM,-158121.750212555,6614430.59388826
SWS00160,Southern Water,0,2/20/2026 10:47:39 PM,50.9010364944802,-1.38766000665289,ITCHEN,3/26/2026 4:00:00 PM,46589433,2/20/2026 10:20:35 PM,2/20/2026 10:47:39 PM,-154473.60533479,6603806.85853098
SWS00897,Southern Water,0,10/20/2025 4:30:58 AM,50.9287909179407,-1.38141890826265,ITCHEN,10/20/2025 5:10:00 AM,46589434,10/20/2025 4:15:16 AM,10/20/2025 4:30:58 AM,-153778.849439998,6608707.31351465
SWS00777,Southern Water,0,1/27/2026 6:39:23 AM,50.9323862122277,-1.38108660638608,ITCHEN,1/27/2026 7:10:00 AM,46589435,1/27/2026 4:27:23 AM,1/27/2026 6:39:23 AM,-153741.857764309,6609342.32991257
SWS00794,Southern Water,0,2/1/2026 6:08:00 PM,50.6987750684481,-1.29028729540313,MEDINA,2/1/2026 6:30:00 PM,46589436,2/1/2026 5:58:00 PM,2/1/2026 6:08:00 PM,-143634.124701307,6568182.49696463
SWS00138,Southern Water,0,1/9/2026 9:37:43 PM,51.1295170056795,0.887978168945211,STOUR,3/24/2026 3:00:00 PM,46589437,1/9/2026 3:54:14 PM,1/9/2026 9:37:43 PM,98849.2776025243,6644235.83720348
SWS00310,Southern Water,0,2/15/2026 2:32:00 PM,51.145135868884,0.901608675229659,A TRIBUTARY OF RIVER STOUR,2/15/2026 3:20:00 PM,46589438,2/15/2026 1:52:00 PM,2/15/2026 2:32:00 PM,100366.618621364,6647006.8428742
SWS00305,Southern Water,0,3/13/2026 3:04:00 AM,50.9876604758682,-0.11256041258658,UN-NAMED TRIBUTARY OF THE RIVER ADUR,3/13/2026 4:00:00 AM,46589439,3/13/2026 2:46:00 AM,3/13/2026 3:04:00 AM,-12530.1678126189,6619111.29397359
SWS00075,Southern Water,0,10/16/2024 11:31:00 PM,51.1582173765787,0.874537793848758,BOCKHANGER DYKE,2/13/2025 2:05:25 PM,46589440,10/16/2024 8:00:00 PM,10/16/2024 11:31:00 PM,97353.1018907166,6649328.40767481
SWS00115,Southern Water,0,2/3/2026 8:37:00 AM,51.1720929817355,0.799426764779701,THE  GREAT STOUR,2/3/2026 9:30:00 AM,46589441,2/1/2026 11:04:00 AM,2/3/2026 8:37:00 AM,88991.7803817904,6651791.61985143
SWS90048,Southern Water,0,2/9/2024 3:52:00 AM,51.15434,0.881121,GREAT STOUR,5/28/2024 8:21:59 AM,46589442,2/8/2024 9:32:00 PM,2/9/2024 3:52:00 AM,98085.94104726,6648640.22409988
SWS00607,Southern Water,0,11/14/2024 12:20:00 PM,51.4212903275869,0.793345392121993,SWALE,11/18/2024 4:29:48 PM,46589443,11/14/2024 12:16:00 PM,11/14/2024 12:20:00 PM,88314.8050742102,6696156.17524813
SWS00098,Southern Water,0,2/4/2026 9:39:23 AM,51.4307231536529,0.736655274388861,RIVER MEDWAY,2/4/2026 10:40:00 AM,46589444,2/4/2026 9:24:53 AM,2/4/2026 9:39:23 AM,82004.0900351472,6697840.24202956
SWS00931,Southern Water,0,1/27/2026 9:34:00 AM,50.9991054919726,-0.0918575354024877,TRIBUTARY OF THE SCRASE BRIDGE STREAM,1/27/2026 5:10:00 PM,46589445,1/27/2026 8:40:00 AM,1/27/2026 9:34:00 AM,-10225.53406653,6621135.49615213
SWS00433,Southern Water,0,2/3/2026 11:43:53 PM,51.2034982354765,0.267315628704382,HILDEN BROOK,2/4/2026 12:15:00 AM,46589446,2/3/2026 6:36:42 PM,2/3/2026 11:43:53 PM,29757.4396684556,6657369.45245548
SWS00161,Southern Water,0,2/3/2026 10:02:01 PM,51.2053420399823,0.17978831044841,MEDWAY,2/3/2026 10:35:00 PM,46589447,2/3/2026 6:56:38 PM,2/3/2026 10:02:01 PM,20013.9431697,6657697.04553971
SWS00896,Southern Water,0,1/8/2026 5:58:00 PM,50.8329582849946,-0.280422331108304,ADUR,1/8/2026 6:10:00 PM,46589448,1/8/2026 5:44:00 PM,1/8/2026 5:58:00 PM,-31216.4711060392,6591798.99809239
SWS00145,Southern Water,0,2/18/2026 10:56:07 PM,50.7611001601587,-1.2909045987122,SOLENT,2/19/2026 12:00:00 AM,46589449,2/18/2026 6:52:45 PM,2/18/2026 10:56:07 PM,-143702.842591337,6579143.40849834
SWS00902,Southern Water,0,8/29/2025 6:13:14 AM,50.7846767841515,-1.14556944837422,STOKE LAKE,8/29/2025 6:30:50 AM,46589450,8/29/2025 5:38:24 AM,8/29/2025 6:13:14 AM,-127524.207661349,6583293.55835004
SWS00750,Southern Water,0,2/20/2026 7:29:00 PM,50.853956687964,-1.31435926020112,HAMBLE,3/13/2026 12:45:00 PM,46589451,2/20/2026 7:11:00 PM,2/20/2026 7:29:00 PM,-146313.803565012,6595500.89629869
SWS00047,Southern Water,0,2/1/2026 9:00:00 PM,50.8728362698878,-1.36098335838665,SOUTHAMPTON WATER,2/1/2026 9:30:00 PM,46589452,2/1/2026 7:24:00 PM,2/1/2026 9:00:00 PM,-151503.974433721,6598830.68166765
SWS00499,Southern Water,0,1/18/2022 2:17:11 PM,50.8022263496692,-1.13517370566766,SOLENT,10/16/2025 8:10:59 AM,46589453,1/18/2022 2:15:15 PM,1/18/2022 2:17:11 PM,-126366.958876837,6586384.13500626
SWS00488,Southern Water,0,7/31/2025 5:01:20 PM,50.793765654877,-1.19705008410055,SOLENT,10/23/2025 2:05:00 PM,46589454,7/31/2025 4:07:33 PM,7/31/2025 5:01:20 PM,-133255.005816119,6584894.01445847
SWS00398,Southern Water,0,2/18/2026 11:17:51 PM,50.8108277926113,-1.13089869419118,PORTSMOUTH HARBOUR,2/19/2026 3:40:00 AM,46589455,2/18/2026 10:38:23 PM,2/18/2026 11:17:51 PM,-125891.06677614,6587899.32111557
SWS00291,Southern Water,0,2/2/2026 2:23:44 PM,50.855943102414,-1.33123683945912,SOUTHAMPTON WATER,2/2/2026 2:50:00 PM,46589456,2/2/2026 1:24:15 PM,2/2/2026 2:23:44 PM,-148192.607093836,6595851.17607111
SWS00374,Southern Water,0,2/19/2026 8:59:00 AM,50.8049291178889,-1.13583340627527,PORTSMOUTH HARBOUR,2/19/2026 9:40:00 AM,46589457,2/19/2026 6:45:00 AM,2/19/2026 8:59:00 AM,-126440.396412552,6586860.21074943
SWS00298,Southern Water,0,2/19/2026 5:39:07 AM,50.9063912090349,-1.25669854710229,SOLENT,2/19/2026 6:20:00 AM,46589458,2/18/2026 7:53:17 PM,2/19/2026 5:39:07 AM,-139895.042344074,6604752.08528607
SWS00264,Southern Water,0,3/6/2026 6:04:41 PM,50.9524535137036,-1.25980795913967,UNNAMED TRIBUTARY - RIVER HAMBLE,3/6/2026 6:40:00 PM,46589459,3/6/2026 2:07:33 PM,3/6/2026 6:04:41 PM,-140241.180508741,6612887.6052865
SWS00415,Southern Water,0,3/13/2026 11:29:36 AM,50.9400961905391,-1.26814544852137,SOLENT,3/13/2026 12:00:00 PM,46589460,3/13/2026 11:07:42 AM,3/13/2026 11:29:36 AM,-141169.305581206,6610704.26509199
SWS00014,Southern Water,0,2/19/2026 4:39:52 AM,50.790264789592,-1.13625988193451,WORKHOUSE LAKE OF PORTSMOUTH HARBOUR,2/19/2026 5:35:00 AM,46589461,2/19/2026 12:11:46 AM,2/19/2026 4:39:52 AM,-126487.871465775,6584277.51145314
SWS00092,Southern Water,0,2/19/2026 7:09:00 AM,50.8233576921323,-1.15701673106385,PORTSMOUTH HARBOUR,2/19/2026 12:40:00 PM,46589462,2/18/2026 5:44:00 PM,2/19/2026 7:09:00 AM,-128798.513341326,6590107.02333668
SWS00110,Southern Water,0,2/20/2026 8:36:30 AM,50.8991832606354,-1.26875853767931,HAMBLE,2/20/2026 9:00:00 AM,46589463,2/18/2026 5:46:35 PM,2/20/2026 8:36:30 AM,-141237.554354079,6603479.74667358
SWS90009,Southern Water,0,11/27/2024 3:44:00 AM,50.8022263496692,-1.13517370566766,SOLENT,11/27/2024 4:15:45 AM,46589464,11/27/2024 3:17:53 AM,11/27/2024 3:44:00 AM,-126366.958876837,6586384.13500626
SWS00395,Southern Water,0,2/19/2026 3:16:00 AM,50.9138408415069,-1.2686711146813,HAMBLE,2/19/2026 5:20:00 AM,46589465,2/19/2026 3:12:00 AM,2/19/2026 3:16:00 AM,-141227.822470457,6606067.29272685
SWS00129,Southern Water,0,2/1/2026 7:58:36 PM,50.78975723918,-1.13937626858818,WORKHOUSE LAKE OF PORTSMOUTH HARBOUR,2/1/2026 8:30:00 PM,46589466,2/1/2026 5:52:55 PM,2/1/2026 7:58:36 PM,-126834.786041176,6584188.13556666
SWS00300,Southern Water,0,2/19/2026 4:21:33 AM,50.8233576921323,-1.15701673106385,PORTSMOUTH HARBOUR,2/19/2026 5:25:00 AM,46589467,2/18/2026 7:02:56 PM,2/19/2026 4:21:33 AM,-128798.513341326,6590107.02333668
SWS00565,Southern Water,0,2/1/2026 8:05:28 PM,50.8021385360205,-1.13545914906325,PORTSMOUTH HARBOUR,4/1/2026 8:00:00 AM,46589468,2/1/2026 8:03:21 PM,2/1/2026 8:05:28 PM,-126398.734290285,6586368.66764233
SWS00599,Southern Water,0,2/19/2026 10:13:59 AM,50.8200636384481,-1.18964286538381,DITCH TO RIVER ALVER,2/19/2026 11:00:00 AM,46589469,2/19/2026 2:15:40 AM,2/19/2026 10:13:59 AM,-132430.438000377,6589526.57105373
SWS00732,Southern Water,0,2/19/2026 1:43:34 AM,50.8433507667839,-1.17617223843,PORTSMOUTH HARBOUR,2/20/2026 3:10:01 PM,46589470,2/18/2026 8:59:22 PM,2/19/2026 1:43:34 AM,-130930.894667212,6593630.92488708
SWS00731,Southern Water,0,2/19/2026 2:29:07 AM,50.8433507667839,-1.17617223843,PORTSMOUTH HARBOUR,2/19/2026 3:30:01 AM,46589471,2/18/2026 8:05:19 PM,2/19/2026 2:29:07 AM,-130930.894667212,6593630.92488708
SWS00803,Southern Water,0,1/9/2024 3:45:00 AM,51.2619792279533,0.566634364467471,MEDWAY,1/9/2024 3:46:55 AM,46589472,1/8/2024 11:00:00 PM,1/9/2024 3:45:00 AM,63077.4489184891,6667766.3033157
SWS00859,Southern Water,0,9/23/2024 5:55:00 AM,50.7914744826595,-1.12842006037952,PORTSMOUTH HARBOUR,9/23/2024 6:02:37 AM,46589473,9/23/2024 4:50:00 AM,9/23/2024 5:55:00 AM,-125615.146522363,6584490.53339864
SWS90055,Southern Water,0,8/25/2024 1:30:37 PM,50.8378406919278,-1.17271878131776,PORTSMOUTH HARBOUR,8/25/2024 1:45:49 PM,46589474,8/25/2024 1:14:22 PM,8/25/2024 1:30:37 PM,-130546.457580001,6592659.58983775
SWS00635,Southern Water,0,7/6/2025 4:58:00 PM,51.2590903650318,0.546548972506726,RIVER LEN,7/6/2025 5:00:33 PM,46589475,7/6/2025 4:20:00 PM,7/6/2025 4:58:00 PM,60841.5533130356,6667252.40591523
SWS00935,Southern Water,0,12/31/2020 8:06:00 PM,51.2672026493734,0.512446437819542,MEDWAY,10/16/2025 8:10:59 AM,46589476,12/31/2020 8:00:00 PM,12/31/2020 8:06:00 PM,57045.2765168983,6668695.57536987
SWS00521,Southern Water,0,1/7/2026 3:44:00 AM,51.2717851597406,0.521012519748542,RIVER LEN,1/7/2026 4:10:00 AM,46589477,1/7/2026 3:28:00 AM,1/7/2026 3:44:00 AM,57998.8483953281,6669510.9132139
SWS00706,Southern Water,0,2/1/2026 11:30:00 AM,51.3850722889368,0.522636516837572,RIVER MEDWAY,2/1/2026 11:50:00 AM,46589478,2/1/2026 11:18:00 AM,2/1/2026 11:30:00 AM,58179.6309243287,6689693.30265016
SWS00761,Southern Water,0,2/20/2026 7:12:00 PM,51.3849855501386,0.522488011102561,RIVER MEDWAY ESTUARY,2/20/2026 8:20:00 PM,46589479,2/20/2026 6:46:00 PM,2/20/2026 7:12:00 PM,58163.0993415274,6689677.83081911
SWS00631,Southern Water,0,9/8/2024 10:26:00 AM,51.3849855501386,0.522488011102561,RIVER MEDWAY ESTUARY,9/8/2024 11:16:53 AM,46589480,9/8/2024 10:12:00 AM,9/8/2024 10:26:00 AM,58163.0993415274,6689677.83081911
SWS00561,Southern Water,0,1/15/2026 11:01:24 AM,51.3990266684529,0.55517952984841,OUSE,1/15/2026 11:50:00 AM,46589481,1/15/2026 10:55:23 AM,1/15/2026 11:01:24 AM,61802.302561574,6692182.76454159
SWS00430,Southern Water,0,8/5/2024 2:38:00 AM,51.3843340417216,0.51095364037726,MEDWAY,8/5/2024 12:16:41 PM,46589482,8/5/2024 1:57:00 AM,8/5/2024 2:38:00 AM,56879.099065766,6689561.62046037
SWS00675,Southern Water,0,2/19/2026 11:22:06 PM,50.8875615507873,-1.32966108187116,SPEAR POND GULLY,2/20/2026 12:20:00 AM,46589483,2/18/2026 9:25:20 PM,2/19/2026 11:22:06 PM,-148017.194561531,6601428.71077268
SWS00730,Southern Water,0,3/13/2026 2:02:00 AM,50.8754252442469,-1.31637526538116,HAMBLE,3/13/2026 3:00:00 AM,46589484,3/13/2026 1:28:00 AM,3/13/2026 2:02:00 AM,-146538.224235091,6599287.40333632
SWS00603,Southern Water,0,2/19/2026 7:49:05 AM,50.8746815383066,-1.11947811841356,WALLINGTON,2/19/2026 8:20:00 AM,46589485,2/18/2026 7:31:23 PM,2/19/2026 7:49:05 AM,-124619.73409601,6599156.20337247
SWS00699,Southern Water,0,10/20/2025 3:45:00 PM,51.3519220233895,0.457473943721431,RIVER MEDWAY,11/28/2025 9:00:00 PM,46589486,10/20/2025 2:45:00 PM,10/20/2025 3:45:00 PM,50925.7664662604,6683782.33599059
SWS00610,Southern Water,0,3/3/2026 9:26:36 AM,51.3637392866116,0.447188136431964,RIVER MEDWAY,3/3/2026 10:00:00 AM,46589487,3/3/2026 9:10:00 AM,3/3/2026 9:26:36 AM,49780.7556363992,6685888.96101625
SWS00764,Southern Water,0,3/14/2026 9:48:17 AM,50.8466674445899,0.146558173492412,GLYNDE REACH,3/14/2026 10:40:00 AM,46589488,3/13/2026 8:53:22 PM,3/14/2026 9:48:17 AM,16314.7812447675,6594215.65562607
SWS00765,Southern Water,0,1/31/2026 4:17:00 AM,51.1511102080569,0.665871711468987,UN-NAMED TRIBUTARY OF THE RIVER BEULT,1/31/2026 8:50:00 PM,46589489,1/30/2026 7:12:47 PM,1/31/2026 4:17:00 AM,74124.4998543732,6648067.02246522
SWS00339,Southern Water,0,2/6/2026 8:25:34 PM,51.1454184716959,0.423264865777396,TRIBUTARY OF RIVER TEISE,2/6/2026 8:50:00 PM,46589490,2/5/2026 5:34:38 PM,2/6/2026 8:25:34 PM,47117.629329023,6647056.98921695
SWS00921,Southern Water,0,2/12/2024 10:42:22 AM,50.8067021166847,-1.37068523925657,DARK WATER,2/12/2024 11:01:36 AM,46589491,2/12/2024 10:31:50 AM,2/12/2024 10:42:22 AM,-152583.982871898,6587172.52837405
SWS00369,Southern Water,0,2/19/2026 12:00:00 PM,50.8675756552101,-1.56654313582443,MATLEY BOG STREAM,2/19/2026 12:40:00 PM,46589492,2/18/2026 7:10:52 PM,2/19/2026 12:00:00 PM,-174386.784185674,6597902.73334739
SWS00533,Southern Water,0,2/18/2026 9:45:29 PM,50.8765552998401,-1.56304861019969,BEAULIEU,2/19/2026 3:30:01 AM,46589493,2/18/2026 7:02:58 PM,2/18/2026 9:45:29 PM,-173997.775372563,6599486.76470423
SWS00320,Southern Water,0,2/1/2026 8:38:00 PM,50.5897874466369,-1.22129168034285,ENGLISH CHANNEL,2/2/2026 1:30:00 AM,46589494,2/1/2026 5:36:11 PM,2/1/2026 8:38:00 PM,-135953.567965827,6549050.15145298
SWS00812,Southern Water,0,2/5/2026 8:38:00 PM,51.0595062481052,-0.128620082013376,UNNAMED TRIBUTARY OF BALCOMBE LAKE,2/6/2026 9:45:00 AM,46589495,2/5/2026 8:04:00 PM,2/5/2026 8:38:00 PM,-14317.9220355181,6631826.4467118
SWS00404,Southern Water,0,9/3/2025 1:23:25 PM,51.2076298870007,0.341540229312165,MEDWAY,9/3/2025 1:11:04 PM,46589496,9/3/2025 12:25:12 PM,9/3/2025 1:23:25 PM,38020.0844124481,6658103.5509343
SWS00029,Southern Water,0,2/1/2026 8:07:53 PM,50.9605531853013,-1.23290948571948,UNNAMED TRIBUTARY OF THE RIVER HAMBLE,2/1/2026 8:50:00 PM,46589497,2/1/2026 6:08:15 PM,2/1/2026 8:07:53 PM,-137246.856144489,6614319.00191834
SWS00090,Southern Water,0,4/3/2026 1:05:24 AM,51.3752987884015,0.479131810612696,MEDWAY,4/3/2026 2:05:00 AM,46589498,4/3/2026 12:30:13 AM,4/3/2026 1:05:24 AM,53336.7091802645,6687950.16173314
SWS00118,Southern Water,0,2/15/2026 5:20:48 PM,51.1401456737577,1.28707185690549,DOUR,2/15/2026 6:20:00 PM,46589499,2/15/2026 11:29:16 AM,2/15/2026 5:20:48 PM,143276.183725072,6646121.410271
SWS00261,Southern Water,0,2/19/2026 2:49:38 AM,51.0788833270587,1.19975698831634,ENGLISH CHANNEL,2/19/2026 5:05:00 AM,46589500,2/18/2026 11:21:19 PM,2/19/2026 2:49:38 AM,133556.337015046,6635259.14958036
SWS00185,Southern Water,0,6/14/2025 2:08:00 AM,51.3253402917754,1.36678081595081,NORTH SEA,6/13/2025 11:15:07 PM,46589501,6/13/2025 10:14:57 PM,6/14/2025 2:08:00 AM,152149.344457659,6679045.68215174
SWS00727,Southern Water,0,3/13/2026 1:52:55 PM,50.7553356300402,-1.15460996479296,SOLENT,3/13/2026 8:40:01 PM,46589502,3/13/2026 11:52:18 AM,3/13/2026 1:52:55 PM,-128530.593345592,6578129.00699678
SWS00214,Southern Water,0,3/13/2026 9:47:42 AM,50.7725387513733,-1.2791023801824,SOLENT,3/13/2026 10:40:00 AM,46589503,3/13/2026 7:45:00 AM,3/13/2026 9:47:42 AM,-142389.025634369,6581156.66146377
SWS90113,Southern Water,0,9/5/2024 12:15:00 PM,50.7642874986223,-1.32800683400003,SOLENT,9/5/2024 1:04:38 PM,46589504,9/5/2024 12:09:00 PM,9/5/2024 12:15:00 PM,-147833.044530871,6579704.3475733
SWS00570,Southern Water,0,11/29/2025 1:24:00 PM,50.8836755739362,0.619573428473691,DOLEHAM DITCH,11/29/2025 1:45:00 PM,46589505,11/29/2025 1:02:00 PM,11/29/2025 1:24:00 PM,68970.598566734,6600743.01551314
SWS00057,Southern Water,0,3/13/2026 3:34:00 AM,51.3763747594858,0.623759742634924,RIVER MEDWAY,3/13/2026 4:00:00 AM,46589506,3/13/2026 3:18:00 AM,3/13/2026 3:34:00 AM,69436.6169274631,6688142.04702836
SWS00808,Southern Water,0,2/15/2026 1:43:03 PM,50.8541095104634,0.582107762702581,ENGLISH CHANNEL,2/19/2026 8:55:00 AM,46589507,2/15/2026 1:18:21 PM,2/15/2026 1:43:03 PM,64799.939730863,6595527.84413832
SWS00648,Southern Water,0,10/8/2024 10:44:00 PM,50.9351921164027,0.24982524368351,WALDRON GHYLL,10/8/2024 11:06:11 PM,46589508,10/8/2024 9:57:07 PM,10/8/2024 10:44:00 PM,27810.4189141538,6609837.95492668
SWS00752,Southern Water,0,2/18/2026 11:10:35 PM,50.8042111778799,-0.422694386370718,ENGLISH CHANNEL,2/18/2026 11:40:00 PM,46589509,2/18/2026 8:16:21 PM,2/18/2026 11:10:35 PM,-47054.1238519636,6586733.74741428
SWS00237,Southern Water,0,7/15/2024 6:36:00 PM,50.8243193997333,-0.355538760772549,TRIBUTARY OF THE TEVILLE STREAM,7/15/2024 7:16:14 PM,46589510,7/15/2024 6:04:54 PM,7/15/2024 6:36:00 PM,-39578.3938064717,6590276.49562418
SWS00641,Southern Water,0,1/27/2026 8:02:00 AM,50.9532591791348,-0.143897835255042,POOK BOURNE,1/27/2026 5:10:00 PM,46589511,1/27/2026 7:20:00 AM,1/27/2026 8:02:00 AM,-16018.6337468456,6613029.97356264
SWS00470,Southern Water,0,11/16/2022 8:20:00 PM,50.9660601203991,-0.133944998382539,HOLMBUSH GILL (EASTERN ADUR),10/16/2025 8:10:59 AM,46589512,11/16/2022 7:52:00 PM,11/16/2022 8:20:00 PM,-14910.6890142501,6615292.34540692
SWS00476,Southern Water,0,2/19/2026 6:12:00 PM,50.8428342402672,-0.946496209371282,NORE RITHE/EMSWORTH HARBOUR,2/19/2026 7:00:00 PM,46589513,2/18/2026 4:54:18 PM,2/19/2026 6:12:00 PM,-105363.476064975,6593539.8649342
SWS00553,Southern Water,0,3/13/2026 1:40:33 AM,50.7640128321776,-1.29667415835892,MEDINA,3/13/2026 2:20:00 AM,46589514,3/13/2026 1:20:24 AM,3/13/2026 1:40:33 AM,-144345.107033312,6579656.0075747
SWS00319,Southern Water,0,10/31/2025 9:02:35 AM,50.7574108100712,-1.2905350272049,MEDINA,10/31/2025 9:40:00 AM,46589515,10/31/2025 9:00:53 AM,10/31/2025 9:02:35 AM,-143661.702079333,6578494.16820194
SWS00365,Southern Water,0,2/19/2026 1:44:08 AM,50.7186806063873,-1.15966103901374,MONKTONMEAD BROOK,2/19/2026 3:30:01 AM,46589516,2/18/2026 4:15:43 PM,2/19/2026 1:44:08 AM,-129092.876355808,6571681.63466686
SWS90133,Southern Water,0,1/4/2024 4:22:00 PM,50.6646968869284,-1.19430107459766,YAR,1/4/2024 4:03:02 PM,46589517,1/4/2024 3:33:00 PM,1/4/2024 4:22:00 PM,-132948.987478071,6562195.43683187
SWS90121,Southern Water,0,4/25/2020 3:45:10 PM,50.6854555443592,-1.5390626289591,SOLENT,10/16/2025 8:10:59 AM,46589518,4/25/2020 2:00:19 PM,4/25/2020 3:45:10 PM,-171327.668154684,6565841.92515322
SWS00299,Southern Water,0,2/19/2026 1:42:49 AM,51.017167745576,0.0978042630143371,OUSE,2/19/2026 5:05:00 AM,46589519,2/18/2026 11:27:41 PM,2/19/2026 1:42:49 AM,10887.5207561674,6624331.06017438
SWS00378,Southern Water,0,2/1/2026 7:14:00 PM,50.818983725707,-1.09184960722654,PORTSMOUTH HARBOUR,2/1/2026 7:30:00 PM,46589520,2/1/2026 6:56:00 PM,2/1/2026 7:14:00 PM,-121544.142299294,6589336.28621986
SWS00513,Southern Water,0,3/15/2026 6:47:00 PM,50.7759583831076,-0.510592281275211,ENGLISH CHANNEL,3/15/2026 7:20:00 PM,46589521,3/15/2026 6:40:31 PM,3/15/2026 6:47:00 PM,-56838.8727545324,6581758.6304494
SWS90002,Southern Water,0,1/4/2024 3:00:00 AM,51.3047870369853,0.46212838158387,MEDWAY,1/3/2024 4:02:08 PM,46589522,1/3/2024 1:45:00 PM,1/4/2024 3:00:00 AM,51443.896119036,6675385.13684685
SWS90040,Southern Water,0,10/21/2024 5:02:00 PM,50.6866573105738,-1.54740290563037,SOLENT,10/21/2024 8:32:22 PM,46589523,10/21/2024 4:47:00 PM,10/21/2024 5:02:00 PM,-172256.103506805,6566053.07810701
SWS90020,Southern Water,0,11/27/2024 10:17:00 PM,51.4155604938001,0.576381946801734,MEDWAY,11/28/2024 1:20:17 AM,46589524,11/27/2024 9:52:01 PM,11/27/2024 10:17:00 PM,64162.5448204047,6695133.38291809
SWS00248,Southern Water,0,7/6/2025 8:53:37 PM,51.2620211611348,0.560615984703598,LEN,7/6/2025 5:20:12 PM,46589525,7/6/2025 4:26:06 PM,7/6/2025 8:53:37 PM,62407.4859477742,6667773.76301198
SWS90003,Southern Water,0,8/19/2023 1:35:00 AM,51.323110296797,1.41270160620834,NORTH SEA,10/16/2025 8:10:59 AM,46589526,8/19/2023 1:01:14 AM,8/19/2023 1:35:00 AM,157261.223445952,6678648.43956887
SWS00393,Southern Water,0,1/27/2026 8:22:59 PM,50.9632336029651,-0.608283735649488,UN-NAMED TRIBUTARY OF THE RIVER ARUN,1/27/2026 9:10:00 PM,46589527,1/27/2026 6:58:40 PM,1/27/2026 8:22:59 PM,-67713.8357103312,6614792.74778031
SWS00445,Southern Water,0,4/4/2026 7:23:31 AM,50.6332935274626,-1.16627485712131,ENGLISH CHANNEL,4/4/2026 8:20:00 AM,46589528,4/4/2026 7:22:07 AM,4/4/2026 7:23:31 AM,-129829.123219742,6556682.15132527
SWS00796,Southern Water,0,2/24/2026 10:07:00 PM,50.8009036901001,-0.541729834932102,ARUN,3/14/2026 12:25:00 PM,46589529,2/24/2026 9:46:00 PM,2/24/2026 10:07:00 PM,-60305.0893721657,6586151.16681869
SWS00519,Southern Water,0,2/19/2026 1:10:00 AM,51.0786034802168,0.778355866946795,CRADLEBRIDGE SEWER,2/19/2026 5:05:00 AM,46589530,2/18/2026 11:20:00 PM,2/19/2026 1:10:00 AM,86646.1787644742,6635209.56371228
SWS00715,Southern Water,0,1/15/2025 1:44:00 PM,50.8472752145001,0.457132565449159,UNNAMED DITCH TO ENGLISH CHANNEL,1/17/2025 3:40:52 PM,46589531,1/15/2025 1:23:00 PM,1/15/2025 1:44:00 PM,50887.7644108232,6594322.81004897
SWS00709,Southern Water,0,3/30/2026 5:22:13 PM,50.9770859152869,-1.45456242585524,UN-NAMED TRIBUTARY OF THE RIVER TEST,3/30/2026 6:20:00 PM,46589532,3/30/2026 3:14:49 PM,3/30/2026 5:22:13 PM,-161921.148573234,6617241.48690173
SWS00622,Southern Water,0,3/13/2026 1:17:19 PM,50.7084752864259,-1.51631842009459,SOLENT,3/13/2026 9:00:00 PM,46589533,3/13/2026 1:13:24 PM,3/13/2026 1:17:19 PM,-168795.794405391,6569887.48500458
SWS00792,Southern Water,0,2/19/2026 3:48:00 AM,50.9197209736937,-0.115738086659408,AN UNNAMED TRIBUTARY OF THE HERRINGS STREAM,2/19/2026 5:20:00 AM,46589534,2/19/2026 3:28:00 AM,2/19/2026 3:48:00 AM,-12883.9048723131,6607105.55886924
SWS00493,Southern Water,0,1/8/2026 7:28:00 PM,51.1347167986099,0.209909454133749,BARDEN MILL STREAM,1/8/2026 7:50:00 PM,46589535,1/8/2026 7:04:00 PM,1/8/2026 7:28:00 PM,23367.013546863,6645158.24940568
SWS00142,Southern Water,0,3/11/2025 9:00:00 PM,51.3910231422505,0.500969824285431,MEDWAY,3/11/2025 9:46:43 PM,46589536,3/11/2025 8:52:00 PM,3/11/2025 9:00:00 PM,55767.7057422499,6690754.84227504
SWS00907,Southern Water,0,2/18/2026 9:54:00 PM,50.8103590234914,0.235587160620755,WANNOCK MILL STREAM,2/18/2026 10:40:00 PM,46589537,2/18/2026 9:42:00 PM,2/18/2026 9:54:00 PM,26225.4427577356,6587816.73796181
SWS00242,Southern Water,0,1/7/2026 4:31:04 AM,51.3222354284465,0.90245754602996,FAVERSHAM CREEK,1/7/2026 5:10:00 AM,46589538,1/7/2026 3:41:37 AM,1/7/2026 4:31:04 AM,100461.114486602,6678492.59921804
SWS90114,Southern Water,0,11/26/2024 4:35:00 AM,50.7186227072926,-1.28587949228352,MEDINA,11/26/2024 4:13:23 AM,46589539,11/26/2024 3:08:58 AM,11/26/2024 4:35:00 AM,-143143.450302515,6571671.45459539
SWS90086,Southern Water,0,3/21/2024 3:55:55 PM,50.5879937198545,-1.22202759714739,ENGLISH CHANNEL,3/21/2024 4:16:08 PM,46589540,3/21/2024 3:40:41 PM,3/21/2024 3:55:55 PM,-136035.489849775,6548735.64060381
SWS90081,Southern Water,0,9/5/2024 1:07:00 PM,50.5972701587645,-1.183259126105,ENGLISH CHANNEL,9/16/2024 12:55:03 PM,46589541,9/5/2024 12:00:00 PM,9/5/2024 1:07:00 PM,-131719.803394502,6550362.29444334
SWS00111,Southern Water,0,8/22/2021 7:45:00 AM,51.364432258824,1.06498655999687,NORTH SEA,10/16/2025 8:10:59 AM,46589542,8/22/2021 4:55:39 AM,8/22/2021 7:45:00 AM,118553.761560532,6686012.51178643
SWS00707,Southern Water,0,6/7/2025 9:47:34 PM,51.3618340725422,0.759410496206715,SWALE,6/7/2025 7:16:36 PM,46589543,6/7/2025 6:31:23 PM,6/7/2025 9:47:34 PM,84537.1897407987,6685549.28796066
SWS00055,Southern Water,0,2/19/2026 4:55:58 AM,50.6955104566467,-1.09197073756476,SOLENT,2/19/2026 9:20:00 AM,46589544,2/18/2026 3:44:04 PM,2/19/2026 4:55:58 AM,-121557.626466864,6567608.76195103
SWS00691,Southern Water,0,2/18/2026 9:01:00 PM,50.7923240272038,-1.19664914100739,SOLENT,2/18/2026 11:40:00 PM,46589545,2/18/2026 7:46:00 PM,2/18/2026 9:01:00 PM,-133210.373035151,6584640.13797419
SWS00386,Southern Water,0,1/15/2026 10:00:02 PM,51.301993531443,0.4751783283343,MEDWAY,1/15/2026 10:30:00 PM,46589546,1/15/2026 9:58:20 PM,1/15/2026 10:00:02 PM,52896.6095461732,6674887.73862628
SWS00714,Southern Water,0,10/23/2025 1:59:00 AM,50.8564230917116,0.59942994632303,ENGLISH CHANNEL,11/4/2025 2:35:00 PM,46589547,10/22/2025 9:44:20 PM,10/23/2025 1:59:00 AM,66728.236390919,6595935.81852212
SWS00694,Southern Water,0,2/19/2026 12:00:00 PM,50.8854559612128,-1.00540104575316,WALLINGTON,2/19/2026 12:40:00 PM,46589548,2/18/2026 10:10:17 PM,2/19/2026 12:00:00 PM,-111920.732456267,6601057.16445798
SWS00525,Southern Water,0,2/18/2026 10:09:30 PM,50.6137621935699,-1.17665553097272,SANDOWN BAY,2/18/2026 11:00:00 PM,46589549,2/18/2026 6:39:45 PM,2/18/2026 10:09:30 PM,-130984.694546972,6553255.0183901
SWS00246,Southern Water,0,10/23/2025 10:39:00 AM,51.240772928324,1.41061103207665,ENGLISH CHANNEL,2/12/2026 2:45:00 PM,46589550,10/23/2025 10:00:00 AM,10/23/2025 10:39:00 AM,157028.501798147,6663994.68380982
SWS00200,Southern Water,0,1/27/2026 7:44:10 PM,50.8509386391814,0.562751117839972,ENGLISH CHANNEL,1/27/2026 8:25:00 PM,46589551,1/27/2026 7:38:19 PM,1/27/2026 7:44:10 PM,62645.1678812912,6594968.72904335
SWS00157,Southern Water,0,2/15/2026 12:56:00 PM,51.3456904836858,0.734456206127007,MILTON CREEK,2/15/2026 1:20:00 PM,46589552,2/15/2026 12:24:00 PM,2/15/2026 12:56:00 PM,81759.290876018,6682671.6785023
SWS00589,Southern Water,0,9/23/2024 6:16:00 AM,50.796534763775,-1.1196703883138,PORTSMOUTH HARBOUR,9/23/2024 6:17:41 AM,46589553,9/23/2024 4:56:00 AM,9/23/2024 6:16:00 AM,-124641.137483399,6585381.68774111
SWS00780,Southern Water,0,2/19/2026 1:30:00 AM,50.752161503028,-1.60687673867442,LYMORE STREAM,2/19/2026 3:30:01 AM,46589554,2/18/2026 6:46:00 PM,2/19/2026 1:30:00 AM,-178876.700316793,6577570.49976729
SWS00862,Southern Water,0,1/27/2026 9:36:00 PM,50.9871615587906,-1.49547644980809,TADBURN LAKE,1/27/2026 10:10:00 PM,46589555,1/27/2026 8:28:00 AM,1/27/2026 9:36:00 PM,-166475.676885969,6619023.06525613
SWS00563,Southern Water,0,2/7/2026 2:47:00 AM,50.9853116322392,-1.5044719094706,TEST,2/24/2026 10:30:00 AM,46589556,2/5/2026 9:54:00 PM,2/7/2026 2:47:00 AM,-167477.046875051,6618695.93170033
SWS00084,Southern Water,0,2/18/2026 10:38:59 PM,50.7045005777162,-1.49101039376063,YAR,2/18/2026 11:20:00 PM,46589557,2/18/2026 5:28:01 PM,2/18/2026 10:38:59 PM,-165978.517800912,6569188.81569863
SWS90043,Southern Water,0,10/25/2023 7:10:02 AM,50.6684706163582,-1.56554897307812,ALUM BAY CHINE,10/16/2025 8:10:59 AM,46589558,10/25/2023 4:15:11 AM,10/25/2023 7:10:02 AM,-174276.114494989,6562858.21432077
SWS00156,Southern Water,0,1/17/2024 8:56:03 AM,50.9133717256665,-1.30978818298737,WILDERN STREAM,1/17/2024 9:45:36 AM,46589559,1/17/2024 8:53:43 AM,1/17/2024 8:56:03 AM,-145804.953577201,6605984.46569967
SWS00188,Southern Water,0,2/18/2026 11:20:16 PM,51.042030864885,0.510654843034774,HAWKHURST SOUTH STREAM,2/19/2026 5:05:00 AM,46589560,2/18/2026 10:59:56 PM,2/18/2026 11:20:16 PM,56845.8370977501,6628731.86635154
SWS00702,Southern Water,0,2/19/2026 2:21:46 AM,50.8474075228817,-1.19044764928975,THE BROOKS,2/19/2026 3:30:01 AM,46589561,2/18/2026 6:22:13 PM,2/19/2026 2:21:46 AM,-132520.026134984,6594346.13720041
SWS00575,Southern Water,0,3/13/2026 2:37:31 AM,50.7250771026736,-1.22627687569516,WOOTTON CREEK,3/13/2026 3:20:00 AM,46589562,3/13/2026 2:32:21 AM,3/13/2026 2:37:31 AM,-136508.517373952,6572806.3720094
SWS00278,Southern Water,0,2/18/2026 11:08:23 PM,50.8935563441304,0.5552779523151,TRIBUTARY OF THE FORGE STREAM,2/18/2026 11:40:00 PM,46589563,2/18/2026 10:06:39 PM,2/18/2026 11:08:23 PM,61813.2589004486,6602486.62684275
SWS00016,Southern Water,0,2/19/2026 12:38:49 AM,50.8759113491299,0.264311190760592,TRIBUTARY OF THE HURST HAVEN,2/19/2026 1:20:00 AM,46589564,2/18/2026 6:33:43 PM,2/19/2026 12:38:49 AM,29422.9871664329,6599373.16005967
SWS90117,Southern Water,0,12/11/2025 8:53:25 AM,50.6619679566866,-1.14943949468941,ENGLISH CHANNEL,12/13/2025 10:05:00 AM,46589565,12/11/2025 5:10:34 AM,12/11/2025 8:53:25 AM,-127955.019246503,6561716.18988787
SWS00083,Southern Water,0,2/16/2026 5:17:12 PM,51.301599513946,0.942894044327828,SWALE,2/16/2026 5:40:00 PM,46589566,2/16/2026 3:04:58 PM,2/16/2026 5:17:12 PM,104962.484886584,6674817.58419355
SWS00769,Southern Water,0,5/24/2025 10:53:00 AM,50.8242525655219,-0.239423678062955,ENGLISH CHANNEL,5/24/2025 11:30:23 AM,46589567,5/24/2025 7:53:24 AM,5/24/2025 10:53:00 AM,-26652.5219258208,6590264.71797448
SWS00713,Southern Water,0,1/27/2026 12:39:04 PM,50.8822750250525,0.609826511122952,PIGEON COVE GILL,1/27/2026 1:30:00 PM,46589568,1/27/2026 9:39:55 AM,1/27/2026 12:39:04 PM,67885.5766904456,6600495.89740567
SWS00259,Southern Water,0,3/24/2026 3:28:08 PM,51.1108919951327,1.30685784530514,ENGLISH CHANNEL,3/24/2026 4:20:00 PM,46589569,3/22/2026 3:25:01 PM,3/24/2026 3:28:08 PM,145478.749878563,6640932.72355106
SWS90018,Southern Water,0,12/1/2025 4:02:17 PM,51.0661627643447,-0.11193767218681,ADUR,1/20/2026 2:25:00 PM,46589570,12/1/2025 12:15:56 PM,12/1/2025 4:02:17 PM,-12460.8446684201,6633005.50484275
SWS00208,Southern Water,0,3/7/2026 2:55:34 PM,50.8729865729098,0.0168404046896338,OUSE,3/7/2026 3:20:00 PM,46589571,3/7/2026 2:54:25 PM,3/7/2026 2:55:34 PM,1874.66527480269,6598857.19597082
SWS90034,Southern Water,0,1/6/2024 3:33:41 PM,50.951175833891,-1.30054423906545,HORTON HEATH STREAM,1/4/2024 5:49:42 PM,46589572,1/4/2024 4:52:45 PM,1/6/2024 3:33:41 PM,-144775.922446891,6612661.83291447
SWS00325,Southern Water,0,2/1/2026 10:42:00 PM,50.7890659107065,-1.02844507314486,SOLENT,2/13/2026 3:55:00 PM,46589573,2/1/2026 6:57:00 PM,2/1/2026 10:42:00 PM,-114485.981851337,6584066.39927922
SWS00659,Southern Water,0,7/23/2025 1:33:06 PM,50.8986639254959,0.668631498575345,ENGLISH CHANNEL,7/23/2025 12:15:06 PM,46589574,7/23/2025 11:30:27 AM,7/23/2025 1:33:06 PM,74431.7179497508,6603388.08184962
SWS00049,Southern Water,0,1/8/2026 8:44:36 PM,51.2616122873088,0.571057742210503,RIVER LEN,3/3/2026 2:35:00 PM,46589575,1/8/2026 6:45:29 PM,1/8/2026 8:44:36 PM,63569.8570764297,6667701.0267618
SWS90141,Southern Water,0,10/28/2023 9:36:00 AM,50.8402183456643,0.492984506288379,ENGLISH CHANNEL,10/16/2025 8:10:59 AM,46589576,10/28/2023 7:44:40 AM,10/28/2023 9:36:00 AM,54878.7842089957,6593078.71679184
SWS00865,Southern Water,0,2/18/2026 10:04:00 PM,50.7017502449593,-1.29151684932596,MEDINA,2/18/2026 10:25:00 PM,46589577,2/18/2026 4:54:00 PM,2/18/2026 10:04:00 PM,-143770.998017899,6568705.40032924
SWS00327,Southern Water,0,2/19/2026 1:34:38 PM,50.78975723918,-1.13937626858818,WORKHOUSE LAKE OF PORTSMOUTH HARBOUR,2/19/2026 2:00:00 PM,46589578,2/18/2026 4:17:19 PM,2/19/2026 1:34:38 PM,-126834.786041176,6584188.13556666
SWS90054,Southern Water,0,11/24/2024 10:37:00 PM,50.8461799033242,-0.997571658655565,BROCKHAMPTON CREEK,11/25/2024 1:22:11 AM,46589579,11/24/2024 10:33:00 PM,11/24/2024 10:37:00 PM,-111049.169071339,6594129.6994298
SWS00059,Southern Water,0,3/13/2026 8:47:19 AM,51.0604945999213,0.304277914973434,UN-NAMED TRIBUTARY OF THE BARTLEY MILL STREAM,3/13/2026 9:20:00 AM,46589580,3/13/2026 4:03:06 AM,3/13/2026 8:47:19 AM,33872.0625544817,6632001.50117947
SWS90122,Southern Water,0,1/27/2025 12:47:57 AM,50.9386986991608,-0.272823429537077,ADUR,1/27/2025 12:35:06 AM,46589581,1/26/2025 11:29:57 PM,1/27/2025 12:47:57 AM,-30370.565252542,6610457.3873732
SWS90049,Southern Water,0,1/4/2024 4:56:50 PM,50.8467614396382,-1.11389581991464,PORTSMOUTH HARBOUR,1/4/2024 5:04:14 PM,46589582,1/4/2024 4:16:39 PM,1/4/2024 4:56:50 PM,-123998.315469654,6594232.22757135
SWS90097,Southern Water,0,12/30/2025 2:51:00 AM,51.0854759839907,-1.54594916037578,WALLOP BROOK,12/30/2025 4:15:00 PM,46589583,12/30/2025 2:08:27 AM,12/30/2025 2:51:00 AM,-172094.273325321,6636427.38466544
SWS90115,Southern Water,0,1/28/2025 12:00:09 AM,50.9191553885983,-1.18834967869421,SHEDFIELD STREAM,1/27/2025 10:04:51 PM,46589584,1/27/2025 9:26:22 PM,1/28/2025 12:00:09 AM,-132286.48111659,6607005.68672857
SWS90142,Southern Water,0,12/18/2025 5:33:00 PM,50.9095190280902,-1.1993272974102,SHEDFIELD STREAM,1/16/2026 1:35:00 PM,46589585,12/18/2025 4:42:00 PM,12/18/2025 5:33:00 PM,-133508.504042176,6605304.2655356
SWS90145,Southern Water,0,6/18/2021 1:48:00 PM,50.8010040504234,-0.601330309310965,RYEBANK RIFE,10/16/2025 8:10:59 AM,46589586,6/18/2021 11:23:00 AM,6/18/2021 1:48:00 PM,-66939.7838310583,6586168.84367022
SWS00022,Southern Water,0,1/27/2026 1:34:32 PM,51.0408333297788,-0.0753075143999742,LYWOOD STREAM,1/27/2026 2:10:00 PM,46589587,1/27/2026 7:10:01 AM,1/27/2026 1:34:32 PM,-8383.19415591224,6628519.84687047
SWS90032,Southern Water,0,1/5/2025 12:33:43 PM,50.7415444552155,-1.29899496426223,MEDINA,1/5/2025 7:06:49 AM,46589588,1/5/2025 6:03:50 AM,1/5/2025 12:33:43 PM,-144603.457964698,6575702.63985923
SWS00007,Southern Water,0,12/30/2020 5:35:11 PM,50.8187042908714,-0.136986323999579,ENGLISH CHANNEL,10/16/2025 8:10:59 AM,46589589,12/30/2020 5:20:12 PM,12/30/2020 5:35:11 PM,-15249.2478332755,6589287.04942939
SWS00405,Southern Water,0,8/17/2022 2:06:00 PM,51.0870145189022,0.514233327600378,UNNAMED TRIBUTARY OF THE HAMMER STREAM,10/16/2025 8:10:59 AM,46589590,8/17/2022 1:44:00 PM,8/17/2022 2:06:00 PM,57244.1921774047,6636700.04081231
SWS00834,Southern Water,0,1/27/2026 9:45:00 PM,51.1594996900061,0.949427897437886,GREAT STOUR,1/28/2026 2:30:00 AM,46589591,1/27/2026 5:45:00 PM,1/27/2026 9:45:00 PM,105689.830087714,6649556.01424502
SWS90148,Southern Water,0,1/27/2025 5:59:43 AM,51.1455026283755,-0.0100483213140017,TRIBUTARY OF THE EDEN BROOK,1/26/2025 11:56:16 PM,46589592,1/26/2025 10:59:29 PM,1/27/2025 5:59:43 AM,-1118.57401200187,6647071.92242457
SWS00943,Southern Water,1,4/4/2026 11:48:00 AM,50.8570849881313,-1.17266248764438,WALLINGTON,4/4/2026 12:00:00 PM,46589593,4/4/2026 11:48:00 AM,,-130540.190996946,6596052.5403354
SWS00233,Southern Water,0,2/20/2026 2:01:37 PM,50.8447132422939,-0.894906801429194,HAM BROOK,2/20/2026 3:00:00 PM,46589594,2/18/2026 4:44:00 PM,2/20/2026 2:01:37 PM,-99620.5694425351,6593871.12447031
SWS00443,Southern Water,0,2/19/2026 11:32:23 PM,50.8280658095623,-1.28577290808844,SOUTHAMPTON WATER,3/12/2026 3:05:00 PM,46589595,2/18/2026 6:55:40 PM,2/19/2026 11:32:23 PM,-143131.585404192,6590936.72193143
SWS00448,Southern Water,0,2/19/2026 7:18:17 AM,50.8789095867024,0.244127209271065,CUCKMERE,2/19/2026 7:40:00 AM,46589596,2/19/2026 7:17:35 AM,2/19/2026 7:18:17 AM,27176.1166248379,6599902.11718698
SWS00876,Southern Water,0,1/24/2025 12:40:00 PM,51.1936545948789,0.287872559713188,MEDWAY,1/24/2025 8:32:56 AM,46589597,1/24/2025 6:49:00 AM,1/24/2025 12:40:00 PM,32045.8267606283,6655620.73152003
SWS00813,Southern Water,0,10/29/2025 3:38:46 PM,51.1468692704111,0.27497656674816,ROTHER,10/29/2025 5:15:00 PM,46589598,10/29/2025 3:11:03 PM,10/29/2025 3:38:46 PM,30610.2513904878,6647314.43044786
SWS00487,Southern Water,0,1/25/2026 6:39:35 AM,51.1375351743654,0.246069105074949,THE HURSTWOOD STREAM,1/25/2026 7:10:01 AM,46589599,1/25/2026 6:17:47 AM,1/25/2026 6:39:35 AM,27392.2874768998,6645658.25583719
SWS00965,Southern Water,0,3/13/2026 4:59:34 AM,51.0612824795823,0.139902259152763,THE HERONS GHYLL,3/13/2026 5:20:00 AM,46589600,3/13/2026 4:38:55 AM,3/13/2026 4:59:34 AM,15573.8482497142,6632141.05118399
SWS00462,Southern Water,0,2/5/2026 8:22:00 PM,50.9154376993942,-1.39013118251017,ITCHEN,2/6/2026 4:35:00 AM,46589601,2/5/2026 8:02:33 PM,2/5/2026 8:22:00 PM,-154748.695372883,6606349.23999015
SWS00539,Southern Water,0,2/20/2026 12:43:53 AM,50.8352422837717,-0.815929290680143,TRIBUTARY OF CHICHESTER HARBOUR,2/20/2026 1:20:00 AM,46589602,2/18/2026 5:10:16 PM,2/20/2026 12:43:53 AM,-90828.8331618304,6592201.5732573
SWS00323,Southern Water,0,1/27/2026 7:10:24 PM,51.2963649954323,1.1206053355218,STOUR,1/27/2026 8:10:00 PM,46589603,1/27/2026 1:10:31 PM,1/27/2026 7:10:24 PM,124745.215330512,6673885.64039354
SWS00672,Southern Water,0,2/26/2024 4:15:00 AM,50.792523612565,-0.0270659071879672,ENGLISH CHANNEL,2/26/2024 1:50:04 PM,46589604,2/25/2024 11:18:00 PM,2/26/2024 4:15:00 AM,-3012.96300602251,6584675.28529936
SWS00241,Southern Water,0,4/9/2024 5:45:00 PM,51.375789645323,0.468667961900898,MEDWAY,4/9/2024 5:16:17 PM,46589605,4/9/2024 4:00:00 PM,4/9/2024 5:45:00 PM,52171.8788699293,6688037.69905151
SWS00646,Southern Water,0,3/16/2026 10:52:07 AM,51.005991841224,-0.111060861389198,SCRASE STREAM,3/16/2026 11:20:00 AM,46589606,3/16/2026 10:12:57 AM,3/16/2026 10:52:07 AM,-12363.2385369079,6622353.67852405
SWS00556,Southern Water,0,3/3/2026 8:19:36 AM,51.353069267621,0.454231815422641,MEDWAY,3/3/2026 9:00:00 AM,46589607,3/3/2026 8:10:50 AM,3/3/2026 8:19:36 AM,50564.8543949526,6683986.82766637
SWS00253,Southern Water,0,2/23/2026 12:17:00 AM,50.8203143135917,0.274256705401651,DROCKMILL HILL GUT,2/23/2026 4:20:00 AM,46589608,2/22/2026 9:25:00 AM,2/23/2026 12:17:00 AM,30530.1167919526,6589570.74162033
SWS00341,Southern Water,0,1/21/2026 3:00:00 AM,51.3725713492093,1.16674620305626,NORTH SEA,1/21/2026 3:30:01 AM,46589609,1/21/2026 2:54:00 AM,1/21/2026 3:00:00 AM,129881.593209208,6687463.77902036
SWS00293,Southern Water,0,3/13/2026 3:43:19 AM,50.7186227072926,-1.28587949228352,MEDINA,3/13/2026 4:20:00 AM,46589610,3/13/2026 2:57:00 AM,3/13/2026 3:43:19 AM,-143143.450302515,6571671.45459539
SWS00330,Southern Water,0,2/19/2026 9:26:20 AM,50.9601609257906,0.13183412945941,FRAMFIELD STREAM,2/19/2026 10:00:01 AM,46589611,2/18/2026 8:10:21 PM,2/19/2026 9:26:20 AM,14675.708160596,6614249.67497065
SWS00574,Southern Water,0,2/19/2026 4:37:06 AM,50.9506165417893,-0.462732273723148,TRIBUTARY OF RIVER CHILT,2/19/2026 5:20:00 AM,46589612,2/19/2026 3:46:05 AM,2/19/2026 4:37:06 AM,-51511.1210844745,6612563.00517386
SWS00828,Southern Water,0,11/17/2022 1:45:00 AM,50.8160702306501,-0.489726111977113,BLACK DITCH,10/16/2025 8:10:59 AM,46589613,11/17/2022 1:27:00 AM,11/17/2022 1:45:00 AM,-54516.0614134619,6588822.93898534
SWS00249,Southern Water,0,5/8/2021 7:34:00 AM,51.3923804623574,0.57119746702787,RIVER MEDWAY ESTUARY,10/16/2025 8:10:59 AM,46589614,5/8/2021 7:28:00 AM,5/8/2021 7:34:00 AM,63585.4111719502,6690996.98639653
SWS00948,Southern Water,0,3/13/2026 3:23:32 AM,51.0059805016914,-0.0827660881847749,SCRASE STREAM,3/13/2026 4:00:00 AM,46589615,3/13/2026 3:07:11 AM,3/13/2026 3:23:32 AM,-9213.47879168032,6622351.67243319
SWS00744,Southern Water,0,1/15/2026 10:20:25 AM,51.3974179980108,0.554299090108929,MEDWAY,1/15/2026 10:50:00 AM,46589616,1/15/2026 10:02:09 AM,1/15/2026 10:20:25 AM,61704.2924581008,6691895.73894266
SWS00959,Southern Water,0,3/13/2026 5:28:50 AM,50.9496210609855,0.728790769056892,RIVER TILLINGHAM,3/14/2026 1:20:00 PM,46589617,3/13/2026 5:27:45 AM,3/13/2026 5:28:50 AM,81128.6173062515,6612387.10518724
SWS00954,Southern Water,0,2/6/2026 6:51:56 PM,50.9468565218148,0.731618799998489,RIVER TILLINGHAM,2/6/2026 7:50:00 PM,46589618,2/6/2026 9:17:05 AM,2/6/2026 6:51:56 PM,81443.4322706177,6611898.63495915
SWS00105,Southern Water,0,2/15/2026 3:17:56 PM,51.3876589193552,1.49629213653114,ENGLISH CHANNEL,3/17/2026 10:40:00 AM,46589619,2/15/2026 3:11:16 PM,2/15/2026 3:17:56 PM,166566.478716626,6690154.70030217
SWS00978,Southern Water,0,2/15/2026 2:44:33 PM,50.8465121902581,0.505680205295458,COMBE HAVEN VIA DRAIN,2/15/2026 3:20:00 PM,46589620,2/15/2026 1:45:35 PM,2/15/2026 2:44:33 PM,56292.0629577284,6594188.28333929
SWS00416,Southern Water,0,3/25/2026 4:23:00 AM,50.7349655719765,-1.05493066486847,SOLENT,4/1/2026 9:55:01 AM,46589621,3/25/2026 4:21:00 AM,3/25/2026 4:23:00 AM,-117434.344435368,6574545.42777606
SWS00224,Southern Water,0,2/19/2026 1:21:38 AM,50.9552296829211,0.738945547778917,ROTHER E,2/19/2026 5:25:00 AM,46589622,2/19/2026 1:15:18 AM,2/19/2026 1:21:38 AM,82259.0421027056,6613378.18957828
SWS90080,Southern Water,0,12/18/2025 10:29:00 PM,50.9283401022644,-0.384773466379781,HONEYBRIDGE STREAM,2/9/2026 8:40:00 PM,46589623,12/18/2025 10:00:00 PM,12/18/2025 10:29:00 PM,-42832.78634816,6608627.69196686
SWS00329,Southern Water,-1,2/23/2026 11:00:25 AM,50.9781635057425,-0.10368569596339,ADUR,2/24/2026 12:00:01 AM,46589624,2/23/2026 11:00:25 AM,2/23/2026 11:34:02 PM,-11542.2388771908,6617432.00831141
SWS90036,Southern Water,0,8/2/2021 1:55:00 PM,50.7219450535307,-1.11469365296971,SOLENT,10/16/2025 8:10:59 AM,46589625,8/2/2021 8:11:00 AM,8/2/2021 1:55:00 PM,-124087.129839082,6572255.62435366
SWS00391,Southern Water,0,2/21/2026 4:45:57 AM,50.8760045576637,-1.31702060704129,HAMBLE,2/21/2026 5:40:00 AM,46589626,2/18/2026 10:19:05 PM,2/21/2026 4:45:57 AM,-146610.063340084,6599389.60364707
SWS00088,Southern Water,0,2/19/2026 5:49:12 AM,50.6797022630238,-1.12992593542299,YAR,2/19/2026 6:40:00 AM,46589627,2/18/2026 3:36:07 PM,2/19/2026 5:49:12 AM,-125782.779765401,6564831.13594561
SWS00740,Southern Water,0,10/16/2024 8:48:00 PM,51.2811704987142,0.515359978392225,MEDWAY,10/16/2024 9:17:50 PM,46589628,10/16/2024 8:38:00 PM,10/16/2024 8:48:00 PM,57369.610369855,6671181.04261506
SWS00223,Southern Water,0,1/8/2026 7:24:00 PM,51.4455439460242,0.370245193468291,THAMES,1/8/2026 8:15:00 PM,46589629,1/8/2026 7:22:00 PM,1/8/2026 7:24:00 PM,41215.5064055472,6700486.93879783
SWS00265,Southern Water,0,3/28/2024 8:43:30 AM,50.7336762027762,-0.771827930133285,ENGLISH CHANNEL,3/28/2024 9:31:24 AM,46589630,3/27/2024 3:59:39 PM,3/28/2024 8:43:30 AM,-85919.4921624636,6574318.64942573
SWS00849,Southern Water,0,10/20/2025 1:12:00 PM,51.1576072353585,0.249904421848051,MEDWAY,10/20/2025 1:50:00 PM,46589631,10/20/2025 1:10:00 PM,10/20/2025 1:12:00 PM,27819.2329871125,6649220.11176268
SWS00632,Southern Water,0,2/19/2026 1:35:35 PM,50.7336762027762,-0.771827930133285,ENGLISH CHANNEL,2/19/2026 2:20:00 PM,46589632,2/19/2026 9:21:57 AM,2/19/2026 1:35:35 PM,-85919.4921624636,6574318.64942573
SWS00666,Southern Water,0,2/22/2026 4:44:40 PM,50.8181666832994,0.259812476776017,MILL DITCH,2/22/2026 5:20:00 PM,46589633,2/22/2026 1:56:11 PM,2/22/2026 4:44:40 PM,28922.1926164454,6589192.32308735
SWS00667,Southern Water,0,2/19/2026 2:37:38 AM,50.8184499952443,0.259116259089308,MILL DITCH,2/19/2026 3:30:01 AM,46589634,2/18/2026 5:21:53 PM,2/19/2026 2:37:38 AM,28844.6900180797,6589242.24245703
SWS00872,Southern Water,0,2/21/2026 4:45:53 AM,50.8370770851434,-0.924627133566729,CHICHESTER HARBOUR,3/13/2026 4:30:00 PM,46589635,2/18/2026 3:08:17 PM,2/21/2026 4:45:53 AM,-102929.021682292,6592524.98764192
SWS00870,Southern Water,0,1/16/2026 6:17:29 AM,50.8370770851434,-0.924627133566729,CHICHESTER HARBOUR,3/10/2026 10:30:00 AM,46589636,1/16/2026 6:03:20 AM,1/16/2026 6:17:29 AM,-102929.021682292,6592524.98764192
SWS00871,Southern Water,0,3/1/2026 2:41:20 PM,50.8370770851434,-0.924627133566729,CHICHESTER HARBOUR,3/1/2026 3:40:00 PM,46589637,3/1/2026 11:19:49 AM,3/1/2026 2:41:20 PM,-102929.021682292,6592524.98764192
SWS00028,Southern Water,0,1/21/2026 3:25:53 PM,50.8290728887872,-1.3188416056814,SOUTHAMPTON WATER,1/21/2026 3:50:00 PM,46589638,1/21/2026 1:45:00 PM,1/21/2026 3:25:53 PM,-146812.775981437,6591114.20759896
SWS00039,Southern Water,0,2/20/2026 2:29:16 AM,50.932265818486,0.0110071156449842,OUSE,2/20/2026 3:20:00 AM,46589639,2/18/2026 10:31:02 PM,2/20/2026 2:29:16 AM,1225.30650870232,6609321.06465581
SWS00109,Southern Water,0,2/20/2026 9:00:00 PM,50.8220581977146,-1.56270561964656,LYMINGTON,2/21/2026 1:00:00 AM,46589640,2/18/2026 5:19:37 PM,2/20/2026 9:00:00 PM,-173959.593838842,6589878.03174025
SWS00051,Southern Water,0,2/20/2026 9:29:00 AM,50.8152672430161,-1.44594518574831,BEAULIEU,3/25/2026 1:20:00 PM,46589641,2/20/2026 9:26:00 AM,2/20/2026 9:29:00 AM,-160961.881792487,6588681.4611137
SWS00061,Southern Water,0,3/15/2026 6:58:04 PM,50.821512118617,0.530468092926717,ENGLISH CHANNEL,3/15/2026 8:05:00 PM,46589642,3/15/2026 6:54:40 PM,3/15/2026 6:58:04 PM,59051.4379866811,6589781.80581475
SWS00108,Southern Water,0,2/19/2026 11:24:09 AM,50.8220581977146,-1.56270561964656,LYMINGTON,4/2/2026 10:55:00 AM,46589643,2/19/2026 11:21:45 AM,2/19/2026 11:24:09 AM,-173959.593838842,6589878.03174025
SWS00131,Southern Water,0,12/2/2025 4:10:00 AM,50.9931388457267,0.128499969516144,UCK,2/4/2026 4:10:00 PM,46589644,12/2/2025 1:41:00 AM,12/2/2025 4:10:00 AM,14304.5511734883,6620080.15371422
SWS00173,Southern Water,0,3/6/2026 4:30:23 PM,50.8272588919332,-0.809983098188608,CHICHESTER HARBOUR,3/12/2026 1:10:00 PM,46589645,3/6/2026 4:15:23 PM,3/6/2026 4:30:23 PM,-90166.906041514,6590794.51511397
SWS00172,Southern Water,0,3/22/2026 12:39:15 PM,50.8271567929611,-0.810553653840059,CHICHESTER HARBOUR,3/22/2026 1:00:00 PM,46589646,3/22/2026 11:18:44 AM,3/22/2026 12:39:15 PM,-90230.4200061027,6590776.52191614
SWS00222,Southern Water,0,2/19/2026 2:57:10 PM,51.0973383011625,0.544218369789329,CRANE BROOK,2/19/2026 3:40:00 PM,46589647,2/19/2026 2:38:24 PM,2/19/2026 2:57:10 PM,60582.1118052936,6638529.83595763
SWS00221,Southern Water,0,2/19/2026 1:08:39 AM,51.0973383011625,0.544218369789329,CRANE BROOK,2/19/2026 5:15:00 AM,46589648,2/19/2026 12:34:40 AM,2/19/2026 1:08:39 AM,60582.1118052936,6638529.83595763
SWS90030,Southern Water,0,1/27/2026 12:10:00 PM,50.8063712196237,-0.338597822711182,ENGLISH CHANNEL,2/23/2026 4:35:00 PM,46589649,1/27/2026 8:23:00 AM,1/27/2026 12:10:00 PM,-37692.5372079199,6587114.23923177
SWS00970,Southern Water,0,9/27/2024 6:12:00 AM,50.8063712196237,-0.338597822711182,ENGLISH CHANNEL,9/27/2024 3:16:35 AM,46589650,9/27/2024 2:00:00 AM,9/27/2024 6:12:00 AM,-37692.5372079199,6587114.23923177
SWS00971,Southern Water,0,3/14/2026 1:45:48 PM,50.7748694386204,-0.336877632532919,ENGLISH CHANNEL,3/14/2026 2:20:00 PM,46589651,3/14/2026 9:59:31 AM,3/14/2026 1:45:48 PM,-37501.0465132081,6581566.93520507
SWS00276,Southern Water,0,1/10/2026 4:10:32 AM,51.3708339915881,0.845595062010824,BELLS CREEK,1/10/2026 5:20:00 AM,46589652,1/8/2026 7:27:44 PM,1/10/2026 4:10:32 AM,94131.2117203515,6687153.97210967
SWS00303,Southern Water,0,3/24/2026 8:40:33 AM,51.3238893765498,0.907572008738205,NORTH SEA,3/24/2026 9:20:00 AM,46589653,3/24/2026 8:25:57 AM,3/24/2026 8:40:33 AM,101030.453870965,6678787.21959344
SWS00354,Southern Water,0,3/13/2026 11:59:53 AM,50.9733016900312,-0.16527733448844,ADUR,3/13/2026 12:20:00 PM,46589654,3/13/2026 10:55:52 AM,3/13/2026 11:59:53 AM,-18398.5887149227,6616572.45890004
SWS00360,Southern Water,0,1/15/2026 12:41:09 AM,51.452954428969,0.722841433795843,MEDWAY,1/15/2026 3:30:01 AM,46589655,1/14/2026 11:56:24 PM,1/15/2026 12:41:09 AM,80466.340334433,6701810.6248174
SWS00362,Southern Water,0,3/24/2026 11:30:57 PM,51.4433962258996,0.400643737161873,TIDAL RIVER THAMES,3/25/2026 12:00:00 AM,46589656,3/24/2026 11:14:42 PM,3/24/2026 11:30:57 PM,44599.4568103738,6700103.34577348
SWS00423,Southern Water,0,7/7/2025 4:06:04 PM,51.1075844664274,0.69694072370451,TRIBUTARY OF THE RIVER BEULT,7/7/2025 5:40:13 AM,46589657,7/7/2025 5:11:54 AM,7/7/2025 4:06:04 PM,77583.0864758816,6640346.27821783
SWS00422,Southern Water,0,7/6/2025 4:03:15 PM,51.1075844664274,0.69694072370451,TRIBUTARY OF THE RIVER BEULT,7/6/2025 4:40:12 PM,46589658,7/6/2025 3:45:48 PM,7/6/2025 4:03:15 PM,77583.0864758816,6640346.27821783
SWS00505,Southern Water,0,2/16/2026 12:54:31 AM,51.1876796469424,-0.0152440840234148,RAY BROOK,2/16/2026 1:20:00 AM,46589659,2/16/2026 12:35:16 AM,2/16/2026 12:54:31 AM,-1696.96367109641,6654559.46531584
SWS00524,Southern Water,0,3/14/2026 2:11:10 PM,51.0673605341878,-0.505396802977541,LOXWOOD STREAM,3/14/2026 2:40:00 PM,46589660,3/14/2026 1:51:55 PM,3/14/2026 2:11:10 PM,-56260.5147560083,6633217.6819088
SWS90070,Southern Water,0,11/19/2025 3:36:00 PM,51.3636920538825,1.17576007238163,HOGWELL SEWER,11/19/2025 4:55:01 PM,46589661,11/19/2025 2:43:00 PM,11/19/2025 3:36:00 PM,130885.012552586,6685880.53990961
SWS00419,Southern Water,0,2/16/2026 2:09:50 PM,51.3636256167928,1.17489336398878,HOGWELL SEWER,2/16/2026 3:20:00 PM,46589662,2/16/2026 8:09:49 AM,2/16/2026 2:09:50 PM,130788.531015627,6685868.69487898
SWS00656,Southern Water,0,3/13/2026 11:01:55 PM,50.725444889052,-1.53172821159082,SOLENT,3/13/2026 11:40:00 PM,46589663,3/13/2026 2:35:53 AM,3/13/2026 11:01:55 PM,-170511.204547982,6572871.04693673
SWS00579,Southern Water,0,2/19/2026 11:53:00 PM,50.9039587647655,-1.45086634010351,TEST,2/20/2026 12:40:00 AM,46589664,2/18/2026 6:45:00 PM,2/19/2026 11:53:00 PM,-161509.702189423,6604322.69105063
SWS00586,Southern Water,0,1/30/2026 11:17:10 PM,51.3904219728813,0.631032552600033,MEDWAY,2/26/2026 11:50:00 AM,46589665,1/30/2026 6:57:47 PM,1/30/2026 11:17:10 PM,70246.2224294153,6690647.59674581
SWS00636,Southern Water,0,2/6/2026 4:18:44 PM,51.2323740741037,0.000716933164327783,RIVER EDEN,2/6/2026 5:10:00 PM,46589666,2/6/2026 3:43:28 PM,2/6/2026 4:18:44 PM,79.8086347857791,6662501.39694757
SWS00637,Southern Water,0,3/13/2026 9:00:00 PM,51.2323740741037,0.000716933164327783,RIVER EDEN,3/14/2026 1:20:01 AM,46589667,3/13/2026 7:15:00 PM,3/13/2026 9:00:00 PM,79.8086347857791,6662501.39694757
SWS00638,Southern Water,0,2/7/2026 3:05:25 PM,51.1870836702583,0.400319626985955,RHODEN STREAM,2/7/2026 3:30:00 PM,46589668,2/7/2026 2:50:33 PM,2/7/2026 3:05:25 PM,44563.3770306297,6654453.61588761
SWS00651,Southern Water,0,3/1/2026 9:45:00 PM,50.7759123518351,-1.17735760002171,SOLENT,3/2/2026 2:00:00 PM,46589669,3/1/2026 3:13:09 PM,3/1/2026 9:45:00 PM,-131062.848516007,6581750.52712135
SWS90093,Southern Water,0,1/21/2026 2:41:31 PM,50.7759123518351,-1.17735760002171,SOLENT,2/27/2026 8:15:00 PM,46589670,1/21/2026 12:28:25 PM,1/21/2026 2:41:31 PM,-131062.848516007,6581750.52712135
SWS00660,Southern Water,0,3/13/2026 4:02:33 AM,50.9632336029651,-0.608283735649488,UN-NAMED TRIBUTARY OF THE RIVER ARUN,3/13/2026 4:40:00 AM,46589671,3/13/2026 3:45:45 AM,3/13/2026 4:02:33 AM,-67713.8357103312,6614792.74778031
SWS00674,Southern Water,0,2/22/2026 2:39:21 PM,50.9290599243759,-1.38127304484283,ITCHEN,3/14/2026 11:30:04 AM,46589672,2/22/2026 2:31:15 PM,2/22/2026 2:39:21 PM,-153762.611998378,6608754.82489365
SWS00681,Southern Water,0,3/16/2026 12:09:30 AM,50.9528571438789,-0.489709926543975,STOR,3/16/2026 1:00:01 AM,46589673,3/15/2026 6:53:50 PM,3/16/2026 12:09:30 AM,-54514.2596592867,6612958.93003432
SWS00688,Southern Water,0,1/15/2026 11:40:08 PM,51.3965984189753,0.74209340702785,SWALE,1/16/2026 12:50:00 AM,46589674,1/15/2026 11:19:52 PM,1/15/2026 11:40:08 PM,82609.4601913858,6691749.51016045
SWS00718,Southern Water,0,2/23/2026 12:42:28 AM,50.9838686607427,-1.50349003472827,TEST,2/23/2026 1:20:00 AM,46589675,2/22/2026 9:21:05 AM,2/23/2026 12:42:28 AM,-167367.745078712,6618440.77148641
SWS00723,Southern Water,0,3/1/2026 8:59:29 PM,50.6162997966605,-1.27428444881696,YAR,3/1/2026 10:00:00 PM,46589676,3/1/2026 9:00:37 AM,3/1/2026 8:59:29 PM,-141852.695968091,6553700.20723189
SWS00729,Southern Water,0,2/22/2026 10:50:31 PM,50.946180291538,0.745105187100719,ROTHER E,2/22/2026 11:20:00 PM,46589677,2/22/2026 10:38:22 PM,2/22/2026 10:50:31 PM,82944.7300154789,6611779.1553236
SWS00770,Southern Water,0,3/6/2026 4:28:02 PM,50.7998033445289,-0.228421988462,ENGLISH CHANNEL,3/6/2026 5:00:00 PM,46589678,3/6/2026 4:26:43 PM,3/6/2026 4:28:02 PM,-25427.8194415768,6585957.36119157
SWS00778,Southern Water,0,2/22/2026 11:40:54 PM,51.1119841559141,0.565455531489211,HAMMER STREAM,2/23/2026 12:20:00 AM,46589679,2/22/2026 10:00:38 PM,2/22/2026 11:40:54 PM,62946.2218316188,6641126.37964253
SWS00779,Southern Water,0,2/15/2026 11:14:15 PM,51.3494871674016,0.74516719852834,MILTON CREEK,2/16/2026 12:00:00 AM,46589680,2/15/2026 3:40:39 PM,2/15/2026 11:14:15 PM,82951.633096025,6683348.3496566
SWS00782,Southern Water,0,2/19/2026 10:45:00 PM,50.9002779907614,-1.45218950142472,SOLENT,2/19/2026 11:40:00 PM,46589681,2/18/2026 4:15:13 PM,2/19/2026 10:45:00 PM,-161656.995833938,6603672.97446789
SWS00788,Southern Water,0,2/12/2026 10:05:00 AM,50.9814701260664,-0.692218507368175,ROTHER,2/19/2026 12:10:00 PM,46589682,2/12/2026 8:33:00 AM,2/12/2026 10:05:00 AM,-77057.4117579051,6618016.65687153
SWS00811,Southern Water,0,2/23/2026 1:12:26 AM,50.6911074622055,-1.11584052820585,SOLENT,2/23/2026 2:20:00 AM,46589683,2/22/2026 10:07:11 PM,2/23/2026 1:12:26 AM,-124214.799406373,6566835.02658577
SWS00810,Southern Water,0,2/19/2026 12:45:01 AM,50.6911074622055,-1.11584052820585,SOLENT,2/19/2026 3:40:00 AM,46589684,2/18/2026 10:39:04 PM,2/19/2026 12:45:01 AM,-124214.799406373,6566835.02658577
SWS00830,Southern Water,0,2/25/2026 2:13:00 AM,50.8943379141957,-0.314281406060629,ADUR,3/26/2026 3:35:00 PM,46589685,2/25/2026 1:49:00 AM,2/25/2026 2:13:00 AM,-34985.6460884633,6602624.56248687
SWS00640,Southern Water,0,2/20/2026 2:45:00 AM,50.7833485549791,-0.749248309102682,PAGHAM RIFE,2/20/2026 3:20:00 AM,46589686,2/19/2026 2:15:00 AM,2/20/2026 2:45:00 AM,-83405.9402470318,6583059.69699029
SWS00844,Southern Water,0,3/13/2026 9:35:34 AM,51.3843381403937,1.07627895641843,NORTH SEA,3/13/2026 10:20:00 AM,46589687,3/13/2026 9:04:46 AM,3/13/2026 9:35:34 AM,119810.825380016,6689562.35154039
SWS00843,Southern Water,0,1/9/2026 7:38:42 PM,51.3721918960596,1.06612307316993,NORTH SEA,1/9/2026 8:30:00 PM,46589688,1/9/2026 4:32:01 AM,1/9/2026 7:38:42 PM,118680.277628237,6687396.11364743
SWS00858,Southern Water,0,1/9/2024 12:36:23 PM,51.3406361749938,0.807391831547273,FROGNAL DRAIN,10/16/2025 8:10:59 AM,46589689,1/9/2024 12:21:50 PM,1/9/2024 12:36:23 PM,89878.4475584909,6681770.95173638
SWS00888,Southern Water,0,3/13/2026 9:34:00 AM,51.1156697599803,0.180136896297676,GROM,3/13/2026 10:40:00 AM,46589690,3/13/2026 8:52:11 AM,3/13/2026 9:34:00 AM,20052.747568938,6641779.92497083
SWS00887,Southern Water,0,3/13/2026 6:02:17 AM,51.1203318507233,0.209651469908381,GROM,3/13/2026 7:00:00 AM,46589691,3/13/2026 3:19:20 AM,3/13/2026 6:02:17 AM,23338.2948742623,6642606.69931117
SWS00940,Southern Water,0,11/2/2023 12:15:00 PM,51.001688074881,-1.65778786103774,TRIBUTARY OF THE RIVER BLACKWATER,10/16/2025 8:10:59 AM,46589692,11/2/2023 1:34:00 AM,11/2/2023 12:15:00 PM,-184544.100533991,6621592.32907398
SWS00969,Southern Water,0,2/19/2026 9:03:35 PM,50.8917572440638,-1.38446885141554,ITCHEN,2/19/2026 9:40:00 PM,46589693,2/19/2026 8:58:07 PM,2/19/2026 9:03:35 PM,-154118.367558726,6602169.12088595
SWS00968,Southern Water,0,2/6/2026 10:36:00 PM,50.8917572440638,-1.38446885141554,ITCHEN,2/18/2026 11:20:01 AM,46589694,2/5/2026 3:13:00 PM,2/6/2026 10:36:00 PM,-154118.367558726,6602169.12088595
SWS00741,Southern Water,0,3/14/2026 3:44:27 PM,50.638289713374,-1.11216514251515,ENGLISH CHANNEL,3/14/2026 4:20:00 PM,46589695,3/14/2026 3:11:58 PM,3/14/2026 3:44:27 PM,-123805.657342815,6557559.05303496
SWS00742,Southern Water,0,3/13/2026 8:15:57 PM,50.6586028936736,-1.13456019541901,ENGLISH CHANNEL,3/13/2026 8:40:01 PM,46589696,3/13/2026 6:26:56 PM,3/13/2026 8:15:57 PM,-126298.663228361,6561125.26546466
SWS00363,Southern Water,0,10/21/2021 2:17:00 AM,51.4433962258996,0.400643737161873,TIDAL RIVER THAMES,10/16/2025 8:10:59 AM,46589697,10/21/2021 12:33:00 AM,10/21/2021 2:17:00 AM,44599.4568103738,6700103.34577348
SWS00587,Southern Water,0,2/15/2026 4:25:51 PM,51.3904219728813,0.631032552600033,MEDWAY,2/15/2026 5:20:00 PM,46589698,2/15/2026 1:37:43 PM,2/15/2026 4:25:51 PM,70246.2224294153,6690647.59674581
SWS00273,Southern Water,0,2/22/2026 10:45:00 PM,50.7592008380155,0.348998791477455,ENGLISH CHANNEL,2/23/2026 1:00:00 AM,46589699,2/22/2026 8:30:00 AM,2/22/2026 10:45:00 PM,38850.3677547382,6578809.16533199
SWS00274,Southern Water,0,10/23/2025 12:22:00 AM,50.7843282975355,0.329402262252819,ENGLISH CHANNEL,10/24/2025 7:55:00 PM,46589700,10/22/2025 10:31:00 PM,10/23/2025 12:22:00 AM,36668.8921001362,6583232.19965575
SWS00275,Southern Water,0,1/27/2026 8:35:31 AM,50.7792455252583,0.331703129757542,ENGLISH CHANNEL,1/27/2026 10:05:00 AM,46589701,1/27/2026 8:33:07 AM,1/27/2026 8:35:31 AM,36925.0234991447,6582337.31834992
SWS90091,Southern Water,0,10/22/2025 3:01:00 PM,50.7792455252583,0.331703129757542,ENGLISH CHANNEL,10/22/2025 6:25:00 PM,46589702,10/22/2025 2:57:00 PM,10/22/2025 3:01:00 PM,36925.0234991447,6582337.31834992
SWS90079,Southern Water,0,12/20/2025 12:19:26 AM,50.7792455252583,0.331703129757542,ENGLISH CHANNEL,12/23/2025 11:40:00 AM,46589703,12/19/2025 10:52:32 PM,12/20/2025 12:19:26 AM,36925.0234991447,6582337.31834992
SWS00067,Southern Water,0,11/10/2025 9:14:00 PM,50.9407555509261,-1.2308156577282,HAMBLE,11/20/2025 11:00:00 AM,46589704,11/10/2025 7:14:00 PM,11/10/2025 9:14:00 PM,-137013.772278691,6610820.74880787
SWS00457,Southern Water,0,1/31/2026 2:26:17 AM,51.0094708251739,0.45999486895567,TRIBUTARY OF THE RIVER ROTHER,1/31/2026 3:10:00 AM,46589705,1/30/2026 8:55:07 PM,1/31/2026 2:26:17 AM,51206.3945796638,6622969.17307254
SWS00324,Southern Water,0,3/13/2026 1:49:54 PM,51.1009917157306,0.0774571873479284,MEDWAY,3/13/2026 8:40:01 PM,46589706,3/13/2026 8:22:27 AM,3/13/2026 1:49:54 PM,8622.49465385058,6639177.46785183
SWS00408,Southern Water,0,2/21/2026 10:19:58 PM,51.0535132083741,0.520409086095494,HEXDEN CHANNEL,2/21/2026 11:20:00 PM,46589707,2/21/2026 7:12:45 PM,2/21/2026 10:19:58 PM,57931.6744683432,6630765.05412505
SWS00245,Southern Water,0,3/13/2026 6:44:13 AM,51.0282133352344,0.00660083110928205,UNAMED TRIBUTARY - RIVER OUSE,3/13/2026 7:40:00 AM,46589708,3/13/2026 4:53:29 AM,3/13/2026 6:44:13 AM,734.801157897677,6626285.85325366
SWS00658,Southern Water,0,3/17/2026 3:22:18 PM,50.9990141833237,-0.902646222915257,THE CRIDDELL STREAM,3/17/2026 4:20:00 PM,46589709,3/17/2026 9:46:14 AM,3/17/2026 3:22:18 PM,-100482.117901398,6621119.34503661
SWS00213,Southern Water,0,3/13/2026 3:57:48 PM,51.1419583682438,0.0950226059332001,MEDWAY,3/13/2026 8:40:01 PM,46589710,3/13/2026 6:23:00 AM,3/13/2026 3:57:48 PM,10577.8681063337,6646443.03367799
SWS00625,Southern Water,0,2/19/2026 12:11:25 AM,51.0397127012553,0.0538872631510643,PIPPINGFORD BROOK,2/19/2026 5:05:00 AM,46589711,2/18/2026 10:51:51 PM,2/19/2026 12:11:25 AM,5998.70269421961,6628321.4483996
SWS00478,Southern Water,1,4/4/2026 4:47:18 PM,51.0570468092488,-1.52011560078286,UN-NAMED TRIBUTARY OF THE RIVER TEST,4/4/2026 5:20:00 PM,46589712,4/4/2026 4:47:18 PM,,-169218.494626059,6631390.85310764
SWS00216,Southern Water,0,2/20/2026 12:00:00 PM,50.9842529599637,-0.269993341632367,ADUR,2/20/2026 12:40:00 PM,46589713,2/18/2026 9:43:42 PM,2/20/2026 12:00:00 PM,-30055.5213080894,6618508.72622673
SWS00926,Southern Water,0,3/16/2026 8:06:30 AM,50.9709265778991,-1.54963055013945,BLACKWATER,3/16/2026 8:40:00 AM,46589714,3/13/2026 2:01:54 AM,3/16/2026 8:06:30 AM,-172504.083759224,6616152.58137024
SWS00602,Southern Water,0,2/7/2026 12:56:31 PM,50.9797080465854,0.0291553390220672,OUSE,2/19/2026 10:55:00 AM,46589715,2/7/2026 10:16:56 AM,2/7/2026 12:56:31 PM,3245.55749384178,6617705.09574099
SWS00127,Southern Water,0,3/13/2026 12:51:04 PM,50.9805515283127,0.362150908939195,DUDWELL,3/13/2026 8:40:01 PM,46589716,3/13/2026 5:28:39 AM,3/13/2026 12:51:04 PM,40314.4547734324,6617854.23403111
SWS00877,Southern Water,0,2/16/2026 1:50:42 AM,51.1936545948789,0.287872559713188,MEDWAY,2/16/2026 2:40:00 AM,46589717,2/15/2026 8:05:04 PM,2/16/2026 1:50:42 AM,32045.8267606283,6655620.73152003
SWS00409,Southern Water,0,3/1/2026 1:05:54 PM,51.0361317205753,0.521462557822935,HAWKHURST SOUTH STREAM,3/1/2026 2:00:00 PM,46589718,3/1/2026 11:45:57 AM,3/1/2026 1:05:54 PM,58048.9464046071,6627687.49608584
SWS00383,Southern Water,0,2/24/2026 3:32:24 AM,50.873092802841,0.275119787610338,HURST HAVEN,2/24/2026 4:20:00 AM,46589719,2/18/2026 6:39:22 PM,2/24/2026 3:32:24 AM,30626.1946639364,6598875.93558308
SWS00582,Southern Water,0,2/5/2024 12:54:39 PM,51.3179544295818,1.31355780788231,STOUR,2/5/2024 2:00:29 PM,46589720,2/5/2024 12:36:58 PM,2/5/2024 12:54:39 PM,146224.586300987,6677730.06749576
SWS00081,Southern Water,0,3/7/2026 3:22:43 PM,50.8113082474565,-0.8533967900357,CHICHESTER HARBOUR,3/7/2026 6:35:00 PM,46589721,3/7/2026 2:19:47 PM,3/7/2026 3:22:43 PM,-94999.6961113883,6587983.96380601
SWS00064,Southern Water,0,2/16/2026 8:18:20 PM,51.1181690120486,0.63910853686714,TRIBUTARY OF THE CLAYBRIDGE STREAM,2/16/2026 9:20:00 PM,46589722,2/16/2026 7:39:58 PM,2/16/2026 8:18:20 PM,71145.2368856841,6642223.13151251
SWS00703,Southern Water,0,2/24/2026 9:29:09 AM,50.9792057688518,-1.68957648060926,BLACKWATER,2/24/2026 10:00:00 AM,46589723,2/24/2026 6:30:30 AM,2/24/2026 9:29:09 AM,-188082.793477714,6617616.28794072
SWS00281,Southern Water,0,3/13/2026 9:18:48 AM,51.1988851834923,0.0799979898931419,EDEN,3/13/2026 10:00:00 AM,46589724,3/13/2026 6:12:00 AM,3/13/2026 9:18:48 AM,8905.33549939,6656549.89809922
SWS00544,Southern Water,0,3/15/2026 2:57:46 AM,51.048426780479,-0.285722538013811,ARUN,3/15/2026 4:00:00 AM,46589725,3/13/2026 3:55:44 AM,3/15/2026 2:57:46 AM,-31806.4874398592,6629864.33407184
SWS00585,Southern Water,0,2/15/2026 5:18:48 PM,51.0490659468228,-1.29407759705365,SEWAGE FARM,2/15/2026 6:00:00 PM,46589726,2/15/2026 4:29:15 PM,2/15/2026 5:18:48 PM,-144056.059150995,6629977.51414918
SWS00270,Southern Water,0,3/1/2026 12:17:02 PM,50.9179557586422,0.162486466892094,TRIBUTARY OF GLYNDE REACH/ RIVER OUSE,3/1/2026 5:00:00 PM,46589727,3/1/2026 12:00:48 PM,3/1/2026 12:17:02 PM,18087.910755226,6606793.85770377
SWS00746,Southern Water,0,2/19/2026 9:38:59 PM,51.004560874519,-0.0357574037479681,OUSE,2/19/2026 10:00:00 PM,46589728,2/19/2026 8:34:51 PM,2/19/2026 9:38:59 PM,-3980.4959773133,6622100.52829221
SWS00417,Southern Water,0,2/22/2026 7:15:56 PM,50.9418235917452,-0.271284161951894,CHESS BROOK,3/11/2026 5:05:00 PM,46589729,2/22/2026 7:00:56 PM,2/22/2026 7:15:56 PM,-30199.2147687648,6611009.43420185
SWS00316,Southern Water,0,3/17/2026 9:56:27 AM,50.9538228916731,-0.559017224288082,ROTHER,3/17/2026 10:20:00 AM,46589730,3/17/2026 9:54:34 AM,3/17/2026 9:56:27 AM,-62229.5127524185,6613129.58806956
SWS00496,Southern Water,0,3/27/2026 1:51:28 PM,50.8639178156989,-0.773808786873301,LAVANT,3/27/2026 2:20:00 PM,46589731,3/27/2026 1:46:19 PM,3/27/2026 1:51:28 PM,-86140.0001260966,6597257.56893988
SWS00910,Southern Water,0,2/19/2026 9:19:15 AM,51.0938313992806,-0.334742050979687,BOLDINGS BROOK,2/19/2026 10:20:00 AM,46589732,2/19/2026 8:40:09 AM,2/19/2026 9:19:15 AM,-37263.3146621548,6637908.22414465
SWS00043,Southern Water,0,3/2/2026 7:07:00 PM,51.0245437474,-0.396119290678075,PAR BROOK,3/3/2026 9:40:00 AM,46589733,3/2/2026 2:45:21 PM,3/2/2026 7:07:00 PM,-44095.797731676,6625636.37633179
SWS00716,Southern Water,0,2/20/2026 7:51:23 AM,51.0020696308309,-0.846420206760158,ROTHER,2/20/2026 8:40:00 AM,46589734,2/18/2026 7:59:40 PM,2/20/2026 7:51:23 AM,-94223.0664136781,6621659.82463706
SWS00894,Southern Water,0,2/15/2026 5:40:52 PM,51.1081638007892,0.458661388810317,TRIBUTARY OF THE RIVER TEISE,2/15/2026 6:20:00 PM,46589735,2/15/2026 5:12:34 PM,2/15/2026 5:40:52 PM,51057.9522489002,6640448.99475806
SWS00337,Southern Water,0,2/6/2026 10:37:18 PM,51.1478239446081,0.592038607796083,MARPLEHURST STREAM,2/6/2026 11:30:01 PM,46589736,2/6/2026 10:04:11 PM,2/6/2026 10:37:18 PM,65905.4363498186,6647483.83982383
SWS00831,Southern Water,0,3/14/2026 10:50:34 PM,51.108114425941,-1.49658907839315,MARSHCOURT,3/14/2026 11:20:00 PM,46589737,3/14/2026 10:39:35 PM,3/14/2026 10:50:34 PM,-166599.5341335,6640440.24049973
SWS00618,Southern Water,0,10/29/2025 6:15:00 PM,51.4500748650841,0.32816324537264,THAMES,10/31/2025 11:00:00 AM,46589738,10/29/2025 5:05:00 PM,10/29/2025 6:15:00 PM,36530.9653719504,6701296.24166396
SWS00772,Southern Water,0,3/13/2026 5:33:38 AM,50.638958783865,-1.36614003371475,SHORWELL STREAM,3/13/2026 6:20:00 AM,46589739,3/13/2026 4:00:14 AM,3/13/2026 5:33:38 AM,-152078.012905432,6557676.49150255
SWS00738,Southern Water,0,3/23/2026 12:19:17 PM,51.032990050738,0.582913000415456,TRIBUTARY OF HEXDEN CHANNEL,3/23/2026 1:00:00 PM,46589740,3/23/2026 12:04:26 PM,3/23/2026 12:19:17 PM,64889.5783830278,6627131.3567015
SWS00460,Southern Water,0,2/19/2026 3:45:41 AM,50.9165647107467,0.688153272097601,TRIBUTARY OF THE ROYAL MILITARY CANAL,2/19/2026 4:50:00 AM,46589741,2/18/2026 8:19:31 PM,2/19/2026 3:45:41 AM,76604.87183763,6606548.2351972
SWS00838,Southern Water,0,2/19/2026 9:22:14 AM,50.9397236648636,0.602936000792009,TRIBUTARY OF THE BREDE,2/19/2026 10:20:00 AM,46589742,2/18/2026 6:23:02 PM,2/19/2026 9:22:14 AM,67118.5285890992,6610638.45480933
SWS00596,Southern Water,0,2/21/2026 7:27:18 AM,50.9775382997972,0.952836229394278,LITTLESTONE SEWER,2/25/2026 12:30:00 PM,46589743,2/19/2026 1:00:15 AM,2/21/2026 7:27:18 AM,106069.243865554,6617321.46937924
SWS00763,Southern Water,0,2/24/2026 1:00:05 AM,51.1042580564293,0.978339787854376,HORTON PRIORY DYKE,2/24/2026 2:00:00 AM,46589744,2/23/2026 11:30:53 AM,2/24/2026 1:00:05 AM,108908.287006748,6639756.52743987
SWS00717,Southern Water,0,2/19/2026 2:06:03 PM,51.0367140209363,0.641608369724891,TRIBUTARY OF THE HEXDEN CHANNEL,2/19/2026 3:00:00 PM,46589745,2/18/2026 8:11:19 PM,2/19/2026 2:06:03 PM,71423.5170064773,6627790.57922117
SWS00065,Southern Water,0,2/20/2026 12:00:00 PM,51.008848654267,-0.2913162505377,PAR BROOK,2/20/2026 12:20:00 PM,46589746,2/19/2026 11:38:49 PM,2/20/2026 12:00:00 PM,-32429.1766696625,6622859.09650999
SWS00338,Southern Water,0,7/3/2025 1:49:47 AM,51.1504653735686,-1.45580954566218,TEST,10/16/2025 8:10:59 AM,46589747,7/3/2025 1:47:48 AM,7/3/2025 1:49:47 AM,-162059.977315101,6647952.58640491
SWS00644,Southern Water,0,3/14/2026 2:33:06 AM,50.9549401230951,-0.300983245001433,ADUR EAST (SAKEHAM),3/14/2026 3:00:00 AM,46589748,3/13/2026 6:15:35 AM,3/14/2026 2:33:06 AM,-33505.3015708666,6613327.01931759
SWS00783,Southern Water,0,3/11/2026 8:15:00 AM,50.9100023989793,-0.272321201368076,UN-NAMED TRIBUTARY OF THE RIVER ADUR,3/11/2026 8:40:00 AM,46589749,3/11/2026 7:45:00 AM,3/11/2026 8:15:00 AM,-30314.6574685067,6605389.60238111
SWS00162,Southern Water,0,2/20/2026 12:48:00 AM,51.2022208252307,0.795813490830362,STOUR,2/20/2026 8:40:00 AM,46589750,2/19/2026 1:59:52 AM,2/20/2026 12:48:00 AM,88589.5525656534,6657142.49966151
SWS00174,Southern Water,0,3/2/2026 12:51:40 AM,50.9583907361091,-1.33489318987262,ITCHEN,3/2/2026 1:20:00 AM,46589751,3/1/2026 11:02:18 AM,3/2/2026 12:51:40 AM,-148599.630160029,6613936.82343129
SWS00078,Southern Water,0,2/25/2026 10:33:31 PM,50.788631702869,-1.54613525837363,LYMINGTON,3/9/2026 4:10:01 PM,46589752,2/25/2026 10:17:21 PM,2/25/2026 10:33:31 PM,-172114.989659679,6583989.94038044
SWS00856,Southern Water,0,2/19/2026 8:58:26 PM,51.0627826740738,0.662076532267777,ROTHER E,2/24/2026 11:35:00 AM,46589753,2/18/2026 7:20:20 PM,2/19/2026 8:58:26 PM,73702.0224382253,6632406.77364384
SWS00021,Southern Water,0,2/19/2026 2:55:07 AM,51.0408333297788,-0.0753075143999742,LYWOOD STREAM,2/19/2026 4:15:00 AM,46589754,2/18/2026 10:42:40 PM,2/19/2026 2:55:07 AM,-8383.19415591224,6628519.84687047
SWS00403,Southern Water,0,2/15/2026 8:35:53 PM,51.1057431579087,0.118384143291962,MEDWAY,3/16/2026 12:10:00 PM,46589755,2/15/2026 8:08:45 PM,2/15/2026 8:35:53 PM,13178.4625492591,6640019.82099309
SWS00503,Southern Water,0,4/4/2026 12:33:44 PM,50.8205795544383,-0.66008978427373,LIDSEY RIFE,4/4/2026 1:00:00 PM,46589756,4/4/2026 9:23:57 AM,4/4/2026 12:33:44 PM,-73480.8586631934,6589617.47901532
SWS00845,Southern Water,0,3/6/2026 1:33:37 AM,50.8506011433273,-0.698439003642,ALDINGBOURNE,3/6/2026 2:00:00 AM,46589757,3/5/2026 7:15:38 PM,3/6/2026 1:33:37 AM,-77749.8742355888,6594909.22113114
SWS00548,Southern Water,0,2/19/2026 12:21:00 PM,50.9894471203314,0.073754258251999,SHORTBRIDGE STREAM,3/14/2026 11:00:00 AM,46589758,2/19/2026 6:49:00 AM,2/19/2026 12:21:00 PM,8210.28647244812,6619427.25275229
SWS00593,Southern Water,0,11/14/2024 1:12:33 PM,51.0710172114633,-1.1595762178888,UNDERGROUND STRATA,11/18/2024 4:23:30 PM,46589759,11/13/2024 2:13:58 PM,11/14/2024 1:12:33 PM,-129083.434111371,6633865.47225762
SWS00801,Southern Water,0,2/20/2026 12:20:19 AM,50.8751610660608,-1.1234488049109,WALLINGTON,2/20/2026 1:20:00 AM,46589760,2/18/2026 7:34:57 PM,2/20/2026 12:20:19 AM,-125061.748894993,6599240.79842852
SWS00139,Southern Water,0,2/15/2026 11:37:14 PM,51.2967537278186,1.10599740937198,STOUR,2/16/2026 12:00:00 AM,46589761,2/15/2026 11:14:23 PM,2/15/2026 11:37:14 PM,123119.068429969,6673954.84592135
SWS00955,Southern Water,0,1/5/2025 6:34:00 PM,50.8922438795356,0.34360054049413,NUNNINGHAM STREAM & WALLERS HAVEN,1/5/2025 6:09:04 AM,46589762,1/5/2025 5:43:53 AM,1/5/2025 6:34:00 PM,38249.4372041001,6602255.00131415
SWS00271,Southern Water,0,2/23/2026 10:41:35 AM,50.9967357777734,-1.04235524161508,MEON,3/11/2026 4:50:00 PM,46589763,2/23/2026 10:38:34 AM,2/23/2026 10:41:35 AM,-116034.45472229,6620716.33993203
SWS00821,Southern Water,0,3/13/2026 11:21:04 AM,51.0775837709827,0.138655664242998,PIPPINGFORD BROOK,3/13/2026 12:20:00 PM,46589764,3/13/2026 3:45:20 AM,3/13/2026 11:21:04 AM,15435.0779391336,6635028.88467683
SWS00529,Southern Water,0,1/28/2026 7:30:00 PM,51.1086508222479,0.00451163823194487,SUNNYSIDE STREAM,1/28/2026 8:30:00 PM,46589765,1/27/2026 7:15:00 AM,1/28/2026 7:30:00 PM,502.233270623568,6640535.3451278
SWS00027,Southern Water,0,3/8/2026 3:56:15 PM,50.9283401022644,-0.384773466379781,HONEYBRIDGE STREAM,3/8/2026 4:40:00 PM,46589766,3/6/2026 7:44:16 AM,3/8/2026 3:56:15 PM,-42832.78634816,6608627.69196686
SWS00617,Southern Water,0,3/15/2026 12:53:04 AM,51.0274039800774,0.782993594324694,WEY,3/15/2026 1:20:00 AM,46589767,3/13/2026 4:56:31 AM,3/15/2026 12:53:04 AM,87162.4482146199,6626142.6018211
SWS00399,Southern Water,0,3/23/2026 12:38:36 AM,51.0799330667329,-1.29789070098065,ITCHEN,3/23/2026 1:00:00 AM,46589768,3/22/2026 10:41:41 AM,3/23/2026 12:38:36 AM,-144480.531938491,6635445.15489881
SWS00026,Southern Water,0,2/20/2026 11:45:18 PM,51.1563612595134,0.891442969121982,STOUR,2/21/2026 12:20:00 AM,46589769,2/20/2026 4:20:44 PM,2/20/2026 11:45:18 PM,99234.9773939029,6648998.96398249
SWS00923,Southern Water,0,2/19/2026 11:36:55 AM,51.0843791919684,-0.0385175353416806,COOMBE BROOK,2/19/2026 12:00:00 PM,46589770,2/19/2026 1:26:25 AM,2/19/2026 11:36:55 AM,-4287.7524208478,6636233.01886602
SWS00958,Southern Water,0,2/19/2026 11:16:04 PM,51.0181821990362,-0.499422158813535,KIRD,2/20/2026 12:20:00 AM,46589771,2/18/2026 10:26:16 PM,2/19/2026 11:16:04 PM,-55595.4204100001,6624510.57364
SWS00591,Southern Water,0,3/13/2026 10:53:06 AM,50.8940943037357,0.0798961554910627,BULLDOG SEWER/ GLYNDE REACH,3/13/2026 11:20:00 AM,46589772,3/13/2026 10:21:17 AM,3/13/2026 10:53:06 AM,8893.99934560531,6602581.56856824
SWS00035,Southern Water,0,2/19/2026 5:00:00 AM,51.0410543769076,-0.127651957721049,AN UN-NAMED TRIBUTARY OF THE RIVER OUSE,3/13/2026 9:40:00 AM,46589773,2/19/2026 1:15:00 AM,2/19/2026 5:00:00 AM,-14210.1509322717,6628558.98209364
SWS00244,Southern Water,0,1/27/2026 4:15:00 PM,51.272282069288,1.22910258274438,WINGHAM RIVER,1/28/2026 1:30:00 AM,46589774,1/27/2026 2:05:07 PM,1/27/2026 4:15:00 PM,136823.073643802,6669599.33015561
SWS00251,Southern Water,0,3/25/2026 3:28:26 PM,50.9226061636533,-0.0995427472575185,BEVERN STREAM,3/25/2026 4:20:00 PM,46589775,3/21/2026 6:23:57 AM,3/25/2026 3:28:26 PM,-11081.0479368705,6607615.05034143
SWS00357,Southern Water,0,2/19/2026 12:05:50 AM,51.2376585228019,-0.045900452803319,GIBBS BROOK,2/24/2026 11:55:00 AM,46589776,2/18/2026 11:26:42 PM,2/19/2026 12:05:50 AM,-5109.61503324616,6663440.92161458
SWS00824,Southern Water,0,2/2/2026 12:52:01 AM,51.1733121204591,0.565997878102639,BEULT,2/2/2026 1:30:00 AM,46589777,2/2/2026 12:31:17 AM,2/2/2026 12:52:01 AM,63006.5955804591,6652008.07807251
SWS00130,Southern Water,0,3/7/2026 1:48:40 AM,50.9044150690739,-0.556134188872358,ARUN,4/1/2026 1:35:00 PM,46589778,3/6/2026 7:39:33 PM,3/7/2026 1:48:40 AM,-61908.5747180011,6604403.23977425
SWS00927,Southern Water,0,1/7/2026 12:39:50 PM,51.301881355961,1.15972216542346,STOUR,1/7/2026 1:10:00 PM,46589779,1/7/2026 12:19:00 PM,1/7/2026 12:39:50 PM,129099.680916612,6674867.76582932
SWS00701,Southern Water,0,3/15/2026 7:31:31 PM,51.0709586002707,0.214293182728598,ERIDGE STREAM,3/15/2026 8:00:00 PM,46589780,3/15/2026 6:37:10 PM,3/15/2026 7:31:31 PM,23855.0079818175,6633855.08872144
SWS00175,Southern Water,0,3/15/2026 12:00:00 AM,51.1214286140554,-0.616681158818653,CHIDDINGFOLD STREAM,3/15/2026 1:20:00 AM,46589781,3/14/2026 11:45:00 PM,3/15/2026 12:00:00 AM,-68648.6325814983,6642801.21124723
SWS00584,Southern Water,0,3/17/2026 1:30:00 AM,51.0340161312511,-0.290390638287024,LOCAL WATERCOURSE,3/17/2026 2:00:00 AM,46589782,3/15/2026 3:07:51 AM,3/17/2026 1:30:00 AM,-32326.1379852452,6627312.98965103
SWS00774,Southern Water,0,2/24/2026 12:00:00 PM,50.7581953185288,-0.794580135414318,BROAD RIFE,2/24/2026 12:40:00 PM,46589783,2/22/2026 7:15:52 AM,2/24/2026 12:00:00 PM,-88452.2560687722,6578632.21926346
SWS00309,Southern Water,0,2/19/2026 2:02:42 AM,50.9290592701187,0.707945582097559,TRIBUTARY OF RIVER BREDE,2/19/2026 4:50:00 AM,46589784,2/18/2026 10:46:31 PM,2/19/2026 2:02:42 AM,78808.1417084479,6608754.70933972
SWS00711,Southern Water,0,2/20/2026 5:52:56 PM,50.9844441913518,0.482324579496683,ABBEY PETTY SEWER,2/20/2026 6:20:00 PM,46589785,2/20/2026 5:34:32 PM,2/20/2026 5:52:56 PM,53692.1265866505,6618542.54143937
SWS00534,Southern Water,0,3/13/2026 8:57:49 PM,50.8783452349241,-1.56075762954167,TRIBUTARY OF BEAULIEU RIVER,3/13/2026 10:00:00 PM,46589786,3/13/2026 1:18:05 AM,3/13/2026 8:57:49 PM,-173742.744572295,6599802.55013002
SWS00227,Southern Water,0,2/19/2026 6:15:00 AM,51.0171409800564,0.290720437128951,TRIBUTARY OF THE COGGINS MILL STREAM,2/19/2026 7:00:00 AM,46589787,2/18/2026 9:30:00 PM,2/19/2026 6:15:00 AM,32362.8510243927,6624326.32391252
SWS00885,Southern Water,0,1/28/2026 1:15:00 AM,51.1600483285568,0.290928957319694,SOMERHILL STREAM,1/28/2026 8:50:00 AM,46589788,1/27/2026 11:30:00 AM,1/28/2026 1:15:00 AM,32386.0633858464,6649653.39778179
SWS00501,Southern Water,0,2/18/2024 5:53:37 PM,51.2252617798008,0.726592501480961,THE  GREAT STOUR,2/18/2024 9:34:45 AM,46589789,2/18/2024 8:36:20 AM,2/18/2024 5:53:37 PM,80883.9072790715,6661237.06905548
SWS00944,Southern Water,0,3/13/2026 9:00:32 PM,50.8933965297069,-1.19562251168078,MEON,3/13/2026 10:05:00 PM,46589790,3/13/2026 8:54:43 PM,3/13/2026 9:00:32 PM,-133096.089181279,6602458.42222791
SWS00961,Southern Water,0,2/19/2026 9:42:09 PM,51.0045958460854,0.689249775291037,TRIBUTARY OF THE RIVER ROTHER,2/19/2026 10:40:00 PM,46589791,2/18/2026 8:34:03 PM,2/19/2026 9:42:09 PM,76726.9340147765,6622106.71496791
SWS00461,Southern Water,0,3/1/2026 12:44:11 PM,50.9952041383299,0.721915754389257,ROTHER,3/16/2026 12:20:00 PM,46589792,3/1/2026 11:02:20 AM,3/1/2026 12:44:11 PM,80363.294174254,6620445.43417813
SWS00893,Southern Water,0,2/13/2026 5:46:00 AM,51.2039379203079,0.636708549020974,BEULT,2/13/2026 9:50:00 AM,46589793,2/12/2026 5:52:11 PM,2/13/2026 5:46:00 AM,70878.0714607389,6657447.57110314
SWS00449,Southern Water,0,2/16/2026 6:29:40 AM,51.055375740576,-0.36266297416689,ARUN,2/16/2026 7:00:00 AM,46589794,2/15/2026 2:57:59 PM,2/16/2026 6:29:40 AM,-40371.4576138323,6631094.90171307
SWS00268,Southern Water,0,3/11/2026 3:20:05 PM,50.7454376872022,0.206409224068583,UNDERGROUND STRATA,3/11/2026 4:00:00 PM,46589795,3/11/2026 2:55:36 PM,3/11/2026 3:20:05 PM,22977.3697183494,6576387.52796493
SWS00790,Southern Water,1,2/27/2026 6:14:00 PM,50.9725429770844,-0.870938119035275,ROTHER W,12/18/2025 12:50:01 AM,46589796,2/27/2026 6:14:00 PM,,-96952.3879234583,6616438.32962787
SWS00058,Southern Water,0,2/19/2026 9:55:40 AM,50.8395650471632,0.170223015890857,CUCKMERE,2/19/2026 10:40:00 AM,46589797,2/18/2026 7:12:53 PM,2/19/2026 9:55:40 AM,18949.1394502655,6592963.55281074
SWS00052,Southern Water,0,2/19/2026 7:32:00 AM,50.990272710228,0.638969476097316,KNELLE PETTY SEWER,2/20/2026 12:20:00 AM,46589798,2/18/2026 8:44:46 PM,2/19/2026 7:32:00 AM,71129.756711598,6619573.25813906
SWS00332,Southern Water,0,3/15/2026 8:14:07 PM,51.0793089606158,0.285081127247317,TRIBUTARY OF THE TEISE,3/15/2026 8:40:01 PM,46589799,3/15/2026 7:47:01 PM,3/15/2026 8:14:07 PM,31735.0859199438,6635334.56787052
SWS00269,Southern Water,0,3/18/2026 7:51:46 PM,51.0476824766466,-1.67285605465098,DUNN,3/18/2026 9:00:00 PM,46589800,3/9/2026 12:35:06 PM,3/18/2026 7:51:46 PM,-186221.484174192,6629732.5387919
SWS00498,Southern Water,0,11/2/2025 2:55:00 PM,51.2561628013743,0.614040096980331,TRIBUTARY OF THE RIVER LEN,1/19/2026 11:45:00 AM,46589801,11/2/2025 2:38:50 PM,11/2/2025 2:55:00 PM,68354.6309225028,6666731.65701878
SWS00046,Southern Water,0,2/22/2026 7:11:55 PM,50.9186036798031,0.499307441265283,BREDE,2/22/2026 7:40:00 PM,46589802,2/22/2026 6:56:41 PM,2/22/2026 7:11:55 PM,55582.6501109437,6606908.26606221
SWS00941,Southern Water,0,11/28/2024 5:59:38 AM,51.401024667058,0.516900470053879,WHITEWALL CREEK,11/27/2024 8:35:33 AM,46589803,11/27/2024 7:28:12 AM,11/28/2024 5:59:38 AM,57541.0971172016,6692539.26972843
SWS00527,Southern Water,0,2/23/2026 8:17:00 PM,50.8702639260154,0.437446961019466,EAST STREAM,3/13/2026 10:50:00 AM,46589804,2/23/2026 8:00:00 PM,2/23/2026 8:17:00 PM,48696.3729497519,6598376.91891285
SWS00060,Southern Water,0,2/20/2026 4:16:04 AM,51.1302735423813,0.746149679458857,TRIBUTARY OF THE RIVER BEULT,2/20/2026 5:20:00 AM,46589805,2/18/2026 11:15:17 PM,2/20/2026 4:16:04 AM,83061.0023729243,6644370.03583854
SWS00892,Southern Water,0,1/27/2026 11:04:24 PM,50.9643872259866,0.0820376943611993,RIDGEWOOD STREAM,1/27/2026 11:50:00 PM,46589806,1/27/2026 7:59:34 AM,1/27/2026 11:04:24 PM,9132.39436214292,6614996.65133292
SWS00833,Southern Water,0,2/5/2026 2:55:00 AM,51.1911769988807,0.72643981388836,TRIBUTARY OF THE RIVER BEULT,2/5/2026 3:50:00 AM,46589807,2/5/2026 1:35:28 AM,2/5/2026 2:55:00 AM,80866.9101740126,6655180.64589816
SWS00388,Southern Water,0,2/17/2026 12:09:49 AM,51.3252496800725,0.455616682562501,MEDWAY,2/17/2026 12:40:00 AM,46589808,2/16/2026 11:20:15 AM,2/17/2026 12:09:49 AM,50719.0170997782,6679029.54056093
SWS00784,Southern Water,0,4/2/2026 10:23:38 AM,51.1486455934708,0.683175745206035,BEULT,4/2/2026 11:20:00 AM,46589809,4/2/2026 9:40:36 AM,4/2/2026 10:23:38 AM,76050.776078651,6647629.64632013
SWS00308,Southern Water,0,3/14/2026 1:08:54 AM,51.0397258891592,-0.723100848648429,UN-NAMED TRIBUTARY OF THE RIVER LOD,3/14/2026 1:40:00 AM,46589810,3/13/2026 6:13:07 AM,3/14/2026 1:08:54 AM,-80495.2182637271,6628323.78318641
SWS00933,Southern Water,0,3/2/2026 9:43:59 AM,50.9089322753497,0.588129099867063,BREDE,3/2/2026 10:20:00 AM,46589811,3/2/2026 8:45:00 AM,3/2/2026 9:43:59 AM,65470.2319179078,6605200.67830367
SWS00528,Southern Water,0,2/6/2026 8:08:00 PM,51.032030927481,-0.662272453997203,ROTHER,2/25/2026 2:45:00 PM,46589812,2/6/2026 7:07:00 PM,2/6/2026 8:08:00 PM,-73723.8323453803,6626961.57991244
SWS00069,Southern Water,0,2/20/2026 9:02:48 PM,50.970114650377,0.162772063516613,TICKERAGE STREAM,2/20/2026 9:40:00 PM,46589813,2/20/2026 7:49:41 PM,2/20/2026 9:02:48 PM,18119.7032260397,6616009.05196746
SWS00400,Southern Water,0,1/22/2026 7:32:01 PM,51.2369260231231,0.673267505292557,LEN,2/18/2026 1:00:00 AM,46589814,1/22/2026 7:12:36 PM,1/22/2026 7:32:01 PM,74947.7958568251,6663310.6837031
SWS00178,Southern Water,0,3/17/2026 3:43:32 AM,51.1530401860006,-1.44877309850023,TEST,3/17/2026 4:20:00 AM,46589815,3/10/2026 8:59:49 AM,3/17/2026 3:43:32 AM,-161276.683600039,6648409.53707633
SWS00063,Southern Water,0,2/15/2026 6:27:52 PM,51.1592320570305,0.230818289205512,BARDEN MILL STREAM,2/15/2026 7:40:00 PM,46589816,2/15/2026 6:03:02 PM,2/15/2026 6:27:52 PM,25694.5744201322,6649508.50971748
SWS00903,Southern Water,0,3/25/2026 5:57:00 PM,50.929574327389,0.265920659915707,WALDRON GHYLL,3/25/2026 6:40:00 PM,46589817,3/25/2026 4:07:52 PM,3/25/2026 5:57:00 PM,29602.1524532278,6608845.67849094
SWS00842,Southern Water,0,10/14/2024 5:30:00 PM,51.2033045750869,0.588567590239676,TRIBUTARY OF THE RIVER BEULT,10/14/2024 11:17:04 AM,46589818,10/14/2024 9:57:58 AM,10/14/2024 5:30:00 PM,65519.0444429048,6657335.04511946
SWS00056,Southern Water,0,2/19/2026 5:15:00 PM,51.0716786394705,0.594489665415376,ROTHER E,2/19/2026 8:40:00 PM,46589819,2/19/2026 12:29:56 AM,2/19/2026 5:15:00 PM,66178.2868359032,6633982.65149871
SWS00267,Southern Water,0,2/19/2026 11:19:00 AM,50.8045502118096,-1.46182468165316,HATCHET STREAM,2/22/2026 11:00:00 AM,46589820,2/18/2026 6:18:27 PM,2/19/2026 11:19:00 AM,-162729.579190669,6586793.46715003
SWS00280,Southern Water,0,2/16/2026 6:14:06 PM,51.1456920887493,-0.0106120798397423,EDEN VALE STREAM,2/16/2026 7:00:00 PM,46589821,2/16/2026 4:23:47 PM,2/16/2026 6:14:06 PM,-1181.33132401768,6647105.54137792
SWS00318,Southern Water,0,2/20/2026 12:49:00 PM,50.7679372987155,-1.59185500285354,AVON WATER,3/27/2026 1:20:00 PM,46589822,2/20/2026 12:29:00 PM,2/20/2026 12:49:00 PM,-177204.488334381,6580346.72211324
SWS00822,Southern Water,0,2/20/2026 12:00:00 PM,50.9713919069928,0.553708769478527,TILLINGHAM,2/20/2026 12:40:00 PM,46589823,2/18/2026 8:56:06 PM,2/20/2026 12:00:00 PM,61638.5782661197,6616234.84157628
SWS00452,Southern Water,0,11/13/2025 8:07:16 AM,51.0372582995191,-0.0387966892886085,COCKHAISE BROOK,11/13/2025 8:25:00 AM,46589824,11/13/2025 7:40:47 AM,11/13/2025 8:07:16 AM,-4318.82769607275,6627886.93263021
SWS00633,Southern Water,0,3/14/2026 2:22:40 AM,51.2477911268172,-1.27843092959136,THE LYNCH,3/14/2026 3:20:00 AM,46589825,3/13/2026 2:28:36 AM,3/14/2026 2:22:40 AM,-142314.280096482,6665242.70403776
SWS00240,Southern Water,0,2/23/2026 9:09:53 AM,50.997968221353,-0.14406663702277,ADUR,2/23/2026 9:40:00 AM,46589826,2/18/2026 6:45:14 PM,2/23/2026 9:09:53 AM,-16037.4246736741,6620934.3324907
SWS00510,Southern Water,0,2/22/2026 6:00:26 PM,51.037031613891,-0.900322108547014,ROTHER,2/22/2026 7:00:00 PM,46589827,2/22/2026 10:53:33 AM,2/22/2026 6:00:26 PM,-100223.39867338,6627846.8024311
SWS00652,Southern Water,0,1/5/2025 11:56:00 PM,51.1589030000322,0.348654127733448,TUDELY BROOK,1/6/2025 2:47:20 AM,46589828,1/5/2025 8:47:59 PM,1/5/2025 11:56:00 PM,38811.9999622604,6649450.10287835
SWS00133,Southern Water,0,3/13/2026 3:33:17 AM,50.6787422201997,-1.40679159625513,CAUL BOURNE STREAM,3/13/2026 4:20:00 AM,46589829,3/13/2026 12:38:22 AM,3/13/2026 3:33:17 AM,-156603.324147378,6564662.47888559
SWS00693,Southern Water,0,2/21/2026 2:18:50 AM,51.0015260927417,0.614520107588659,GODDENS GILL,2/21/2026 2:40:00 AM,46589830,2/18/2026 7:24:09 PM,2/21/2026 2:18:50 AM,68408.0654589972,6621563.67531649
SWS00128,Southern Water,0,2/19/2026 1:33:06 AM,51.0090807251427,0.400952274960906,TRIBUTARY OF THE RIVER ROTHER,2/19/2026 5:05:00 AM,46589831,2/18/2026 11:29:30 PM,2/19/2026 1:33:06 AM,44633.8030810527,6622900.15509463
SWS00836,Southern Water,0,2/20/2026 2:13:01 AM,50.9282479066087,-0.47143872531841,STOR,2/20/2026 3:00:00 AM,46589832,2/18/2026 7:31:18 PM,2/20/2026 2:13:01 AM,-52480.3188426754,6608611.40877543
SWS00387,Southern Water,0,2/23/2026 1:03:16 AM,50.9334237272876,0.138154365248576,RIDGEWOOD STREAM,3/13/2026 9:45:00 AM,46589833,2/22/2026 12:45:06 PM,2/23/2026 1:03:16 AM,15379.2735903394,6609525.58942815
SWS00252,Southern Water,0,4/24/2023 7:18:00 PM,51.3048798881944,0.461989871120582,MEDWAY,10/16/2025 8:10:59 AM,46589834,4/24/2023 5:43:29 PM,4/24/2023 7:18:00 PM,51428.4772047933,6675401.6700084
SWS00099,Southern Water,0,3/13/2026 1:00:13 PM,50.6380738748078,-1.40291981344254,BRIGHSTONE STREAM,3/13/2026 8:40:01 PM,46589835,3/13/2026 12:37:45 PM,3/13/2026 1:00:13 PM,-156172.319256218,6557521.16836933
SWS00121,Southern Water,0,3/13/2026 3:20:23 PM,50.8410707115743,-0.999527535581265,LANGSTONE HARBOUR,3/13/2026 8:40:01 PM,46589836,3/13/2026 5:34:42 AM,3/13/2026 3:20:23 PM,-111266.896294762,6593228.97495882
SWS00155,Southern Water,0,3/2/2026 2:09:22 AM,50.6236991933822,-1.3079585454324,MEDINA,3/2/2026 3:00:00 AM,46589837,3/1/2026 9:30:59 AM,3/2/2026 2:09:22 AM,-145601.279256246,6554998.47049266
SWS00296,Southern Water,0,2/23/2026 1:28:53 AM,50.8840747842361,0.673342722160917,TRIBUTARY OF THE MARSHAM SEWER,2/23/2026 2:00:00 AM,46589838,2/22/2026 1:20:00 PM,2/23/2026 1:28:53 AM,74956.16896031,6600813.45503894
SWS00891,Southern Water,0,2/19/2026 5:37:22 AM,50.6866573105738,-1.54740290563037,SOLENT,2/19/2026 6:40:00 AM,46589839,2/18/2026 3:44:44 PM,2/19/2026 5:37:22 AM,-172256.103506805,6566053.07810701
SWS00326,Southern Water,0,5/6/2024 11:40:00 AM,50.7841658069253,0.0558605114913604,OUSE,5/6/2024 10:17:02 AM,46589840,5/6/2024 9:43:00 AM,5/6/2024 11:40:00 AM,6218.36369467005,6583203.58978455
SWS00396,Southern Water,0,3/19/2026 7:30:00 AM,51.1253623571579,0.0469663174619835,MEDWAY,3/21/2026 4:40:00 AM,46589841,3/1/2026 12:00:00 AM,3/19/2026 7:30:00 AM,5228.26654430324,6643498.902014
SWS00343,Southern Water,0,2/19/2026 9:43:44 AM,50.8915570016199,0.328492478901134,TRIBUTARY OF NUNNINGHAM STREAM,2/19/2026 10:20:00 AM,46589842,2/18/2026 6:59:38 PM,2/19/2026 9:43:44 AM,36567.6154806944,6602133.78277145
SWS00206,Southern Water,0,2/19/2026 5:42:48 AM,50.8358260145418,-1.06098980049388,LANGSTONE HARBOUR,2/19/2026 6:40:00 AM,46589843,2/18/2026 5:36:58 PM,2/19/2026 5:42:48 AM,-118108.844327836,6592304.46417525
SWS00541,Southern Water,0,2/19/2026 1:54:07 AM,50.833732772359,-1.04683104401947,LANGSTONE HARBOUR,2/19/2026 5:05:00 AM,46589844,2/18/2026 11:39:35 PM,2/19/2026 1:54:07 AM,-116532.698766838,6591935.50619369
SWS00144,Southern Water,0,2/15/2026 3:47:26 PM,51.2953803477963,0.502795750331928,MEDWAY,2/15/2026 4:40:00 PM,46589845,2/15/2026 2:03:22 PM,2/15/2026 3:47:26 PM,55970.9668999721,6673710.34746064
SWS00793,Southern Water,0,10/23/2025 8:38:35 AM,51.2583220213029,0.469104224650506,MEDWAY,10/23/2025 9:10:00 AM,46589846,10/23/2025 6:54:28 AM,10/23/2025 8:38:35 AM,52220.4434170677,6667115.73133113
SWS00980,Southern Water,0,12/29/2021 1:38:31 PM,51.2278566588081,0.420632777336355,MEDWAY,10/16/2025 8:10:59 AM,46589847,12/29/2021 1:23:45 PM,12/29/2021 1:38:31 PM,46824.6265840435,6661698.3290573
SWS00414,Southern Water,0,2/11/2026 12:00:00 AM,51.1671027379389,0.614864392725184,BEULT,2/11/2026 5:50:00 AM,46589848,2/10/2026 8:31:54 PM,2/11/2026 12:00:00 AM,68446.3911050829,6650905.66113812
SWS00967,Southern Water,0,3/13/2026 4:02:15 PM,50.7642874986223,-1.32800683400003,SOLENT,3/13/2026 8:40:01 PM,46589849,3/13/2026 3:57:14 PM,3/13/2026 4:02:15 PM,-147833.044530871,6579704.3475733
SWS00442,Southern Water,0,2/15/2026 2:48:42 PM,51.4155604938001,0.576381946801734,MEDWAY,3/16/2026 2:30:00 PM,46589850,2/15/2026 2:46:34 PM,2/15/2026 2:48:42 PM,64162.5448204047,6695133.38291809
SWS00328,Southern Water,0,6/13/2025 10:41:38 PM,51.2610107537705,1.30415294370723,STOUR,6/13/2025 10:45:23 PM,46589851,6/13/2025 9:57:02 PM,6/13/2025 10:41:38 PM,145177.641610038,6667594.01865743
SWS00389,Southern Water,1,4/4/2026 4:18:28 PM,50.8645598268293,0.0204558991889054,OUSE,4/4/2026 4:40:00 PM,46589852,4/4/2026 4:18:28 PM,,2277.14028142749,6597370.8022658
SWS00034,Southern Water,0,2/2/2026 12:15:20 PM,51.0410543769076,-0.127651957721049,AN UN-NAMED TRIBUTARY OF THE RIVER OUSE,2/2/2026 12:50:00 PM,46589853,2/2/2026 11:46:11 AM,2/2/2026 12:15:20 PM,-14210.1509322717,6628558.98209364
SWS90042,Southern Water,0,12/18/2025 5:12:27 PM,50.6380738748078,-1.40291981344254,BRIGHSTONE STREAM,1/6/2026 10:00:00 AM,46589854,12/18/2025 4:47:47 PM,12/18/2025 5:12:27 PM,-156172.319256218,6557521.16836933
SWS00148,Southern Water,0,2/22/2026 1:52:13 PM,50.8943392987309,0.438846367016123,WATERMILL STREAM,2/22/2026 2:20:00 PM,46589855,2/22/2026 12:24:02 PM,2/22/2026 1:52:13 PM,48852.1541127129,6602624.80683906
SWS00215,Southern Water,0,1/27/2026 12:11:56 PM,50.9842529599637,-0.269993341632367,ADUR,1/27/2026 1:20:00 PM,46589856,1/27/2026 6:29:52 AM,1/27/2026 12:11:56 PM,-30055.5213080894,6618508.72622673
SWS00322,Southern Water,0,2/15/2026 5:34:17 PM,51.1426355095664,0.176117503385221,MEDWAY,2/15/2026 6:20:00 PM,46589857,2/15/2026 5:17:41 PM,2/15/2026 5:34:17 PM,19605.3107966254,6646563.18099133
SWS00356,Southern Water,0,2/18/2026 11:58:10 PM,50.6411976587484,-1.2579200310877,TRIBUTARY OF GODSHILL STREAM,2/19/2026 1:00:00 AM,46589858,2/18/2026 2:17:36 PM,2/18/2026 11:58:10 PM,-140031.017319342,6558069.48173825
SWS00364,Southern Water,0,3/13/2026 5:40:26 AM,51.1016841867576,-0.682401713036854,TRIBUTARY OF THE RIVER CHIDD,3/13/2026 7:40:00 AM,46589859,3/13/2026 1:02:35 AM,3/13/2026 5:40:26 AM,-75964.6112117202,6639300.22627228
SWS00380,Southern Water,0,3/13/2026 4:46:00 AM,50.8976226522656,0.64245868328151,PANNEL SEWER,3/13/2026 5:20:00 AM,46589860,3/13/2026 4:03:00 AM,3/13/2026 4:46:00 AM,71518.1734786147,6603204.29584965
SWS00382,Southern Water,0,2/20/2026 12:32:09 AM,50.873092802841,0.275119787610338,HURST HAVEN,2/20/2026 1:20:00 AM,46589861,2/18/2026 5:58:11 PM,2/20/2026 12:32:09 AM,30626.1946639364,6598875.93558308
SWS90025,Southern Water,0,11/27/2024 8:50:30 AM,51.055375740576,-0.36266297416689,ARUN,11/27/2024 6:36:05 AM,46589862,11/27/2024 5:26:41 AM,11/27/2024 8:50:30 AM,-40371.4576138323,6631094.90171307
SWS00451,Southern Water,0,9/5/2022 12:59:00 AM,51.0372582995191,-0.0387966892886085,COCKHAISE BROOK,10/16/2025 8:10:59 AM,46589863,9/5/2022 12:29:00 AM,9/5/2022 12:59:00 AM,-4318.82769607275,6627886.93263021
SWS00477,Southern Water,0,3/3/2026 6:03:11 PM,51.0570468092488,-1.52011560078286,UN-NAMED TRIBUTARY OF THE RIVER TEST,3/3/2026 6:40:00 PM,46589864,3/3/2026 5:54:46 PM,3/3/2026 6:03:11 PM,-169218.494626059,6631390.85310764
SWS00482,Southern Water,0,3/13/2026 3:36:16 AM,50.8560052147236,-0.005063649932617,CELERY SEWER,3/13/2026 4:00:00 AM,46589865,3/13/2026 3:13:55 AM,3/13/2026 3:36:16 AM,-563.682932054318,6595862.12905401
SWS00508,Southern Water,0,2/1/2026 9:24:22 PM,51.2134564461022,0.506511365934258,TRIBUTARY OF THE RIVER BEULT,3/26/2026 8:25:00 PM,46589866,2/1/2026 8:58:13 PM,2/1/2026 9:24:22 PM,56384.5873368071,6659138.90704173
SWS00564,Southern Water,0,2/19/2026 5:54:45 AM,51.0059822747265,0.249400605364075,ROTHER,2/19/2026 6:40:00 AM,46589867,2/18/2026 10:56:28 PM,2/19/2026 5:54:45 AM,27763.148392663,6622351.98610301
SWS90119,Southern Water,0,12/8/2025 3:09:51 PM,50.9515233304068,0.482420560356209,RIVER LINE,1/20/2026 10:35:00 AM,46589868,12/8/2025 2:26:38 PM,12/8/2025 3:09:51 PM,53702.8111270589,6612723.23666115
SWS90128,Southern Water,0,11/24/2024 12:05:00 PM,50.8940943037357,0.0798961554910627,BULLDOG SEWER/ GLYNDE REACH,11/24/2024 11:47:25 AM,46589869,11/24/2024 10:55:31 AM,11/24/2024 12:05:00 PM,8893.99934560531,6602581.56856824
SWS00601,Southern Water,0,2/18/2026 11:25:31 PM,50.9797080465854,0.0291553390220672,OUSE,2/19/2026 12:00:00 AM,46589870,2/18/2026 8:15:43 PM,2/18/2026 11:25:31 PM,3245.55749384178,6617705.09574099
SWS00657,Southern Water,0,3/13/2026 5:22:29 AM,51.1733220502777,0.189579817847888,MEDWAY,3/13/2026 6:00:00 AM,46589871,3/13/2026 4:49:12 AM,3/13/2026 5:22:29 AM,21103.9287875084,6652009.84113644
SWS00700,Southern Water,0,11/3/2022 11:57:50 AM,51.0709586002707,0.214293182728598,ERIDGE STREAM,10/16/2025 8:10:59 AM,46589872,11/3/2022 11:03:40 AM,11/3/2022 11:57:50 AM,23855.0079818175,6633855.08872144
SWS00726,Southern Water,0,1/5/2025 3:01:39 PM,50.9387452229396,0.316472601826016,CLIPPINGHAM STREAM,1/5/2025 3:06:28 PM,46589873,1/5/2025 2:12:06 PM,1/5/2025 3:01:39 PM,35229.5688852945,6610465.6060411
SWS00855,Southern Water,0,2/19/2026 4:56:08 AM,51.0627826740738,0.662076532267777,ROTHER E,2/19/2026 5:35:00 AM,46589874,2/18/2026 7:37:26 PM,2/19/2026 4:56:08 AM,73702.0224382253,6632406.77364384
SWS00973,Southern Water,0,2/22/2026 12:51:29 PM,50.6254426795122,-1.22763043208288,IOW STREAMS,2/22/2026 1:20:00 PM,46589875,2/22/2026 12:07:50 PM,2/22/2026 12:51:29 PM,-136659.194581793,6555304.40408638
SWS00671,Southern Water,0,2/19/2026 2:18:14 AM,50.7805977627967,-0.0345190741552715,ENGLISH CHANNEL,2/19/2026 5:10:00 AM,46589876,2/19/2026 12:06:13 AM,2/19/2026 2:18:14 AM,-3842.64575762007,6582575.38603385
SWS00390,Southern Water,0,2/21/2026 1:33:13 AM,51.0652482908271,0.85107039794073,TRIBUTARY OF SPERINGBROOK SEWER,2/21/2026 2:40:00 AM,46589877,2/18/2026 9:00:27 PM,2/21/2026 1:33:13 AM,94740.7233279908,6632843.5155574
SWS90073,Southern Water,0,2/26/2024 6:00:00 AM,50.792523612565,-0.0270659071879672,ENGLISH CHANNEL,2/26/2024 4:34:38 AM,46589878,2/26/2024 3:10:00 AM,2/26/2024 6:00:00 AM,-3012.96300602251,6584675.28529936
SWS00551,Southern Water,0,3/28/2026 12:42:46 AM,50.7805977627967,-0.0345190741552715,ENGLISH CHANNEL,3/28/2026 12:00:00 PM,46589879,3/27/2026 11:52:26 PM,3/28/2026 12:42:46 AM,-3842.64575762007,6582575.38603385
SWS00304,Southern Water,0,3/13/2026 8:20:37 AM,51.1513135081303,-0.0506946366158086,FELBRIDGE WATER,3/13/2026 9:00:00 AM,46589880,3/13/2026 8:05:16 AM,3/13/2026 8:20:37 AM,-5643.30113402185,6648103.10160439
SWS00472,Southern Water,0,3/16/2026 11:02:40 AM,51.0892993040204,0.436095798059511,TRIBUTARY OF THE RIVER TEISE,3/16/2026 12:00:00 PM,46589881,3/12/2026 7:31:47 AM,3/16/2026 11:02:40 AM,48545.962177071,6637104.96269611
SWS90058,Southern Water,0,4/17/2020 5:15:00 PM,50.6898457412049,-1.06928692913081,ENGLISH CHANNEL,10/16/2025 8:10:59 AM,46589882,4/17/2020 11:53:41 AM,4/17/2020 5:15:00 PM,-119032.476462745,6566613.31855755
SWS00697,Southern Water,0,12/11/2025 9:40:36 AM,51.040274173336,0.740821862173205,READING SEWER,12/11/2025 10:30:00 AM,46589883,12/11/2025 6:31:10 AM,12/11/2025 9:40:36 AM,82467.9124656459,6628420.85201793
SWS00710,Southern Water,0,2/23/2026 12:14:48 AM,50.8673079131128,0.143654734059643,TRIBUTARY OF GLYNDE REACH/ RIVER OUSE,2/23/2026 1:00:00 AM,46589884,2/22/2026 12:32:16 PM,2/23/2026 12:14:48 AM,15991.5718455626,6597855.50766901
SWS00781,Southern Water,0,2/19/2026 8:37:53 PM,51.0772840352539,-0.412283873820863,TRIBUTARY OF THE RIVER ARUN,2/19/2026 9:20:00 PM,46589885,2/19/2026 8:28:49 PM,2/19/2026 8:37:53 PM,-45895.2308960167,6634975.77621378
SWS00785,Southern Water,0,1/27/2026 1:08:19 PM,51.1168934134657,0.454123524079374,TRIBUTARY OF THE RIVER TEISE,1/27/2026 2:10:00 PM,46589886,1/27/2026 9:07:59 AM,1/27/2026 1:08:19 PM,50552.7994577628,6641996.91938689
SWS00832,Southern Water,0,4/3/2026 9:53:11 AM,51.0155305663525,0.767880394055167,TRIBUTARY OF THE RIVER ROTHER,4/3/2026 10:40:00 AM,46589887,4/3/2026 9:51:08 AM,4/3/2026 9:53:11 AM,85480.0544563594,6624041.36003075
SWS00911,Southern Water,0,3/2/2026 9:14:03 PM,51.0541185630098,0.335498251251279,TRIBUTARY OF THE RIVER ROTHER,3/2/2026 10:00:00 PM,46589888,3/1/2026 12:45:38 PM,3/2/2026 9:14:03 PM,37347.4944913261,6630872.25874457
SWS00925,Southern Water,0,4/1/2026 12:15:13 PM,51.0415250312223,1.09059615388427,ENGLISH CHANNEL,4/1/2026 1:00:00 PM,46589889,4/1/2026 12:13:13 PM,4/1/2026 12:15:13 PM,121404.6085115,6628642.30956883
SWS00938,Southern Water,0,2/5/2026 9:00:01 PM,51.0833331732703,0.32725998587257,TRIBUTARY OF THE RIVER TEISE,2/6/2026 9:45:00 AM,46589890,2/5/2026 8:33:51 PM,2/5/2026 9:00:01 PM,36430.4149843484,6636047.65505286
SWS00963,Southern Water,0,2/22/2026 7:19:45 PM,50.9660618331987,-0.095063545422174,ADUR,2/22/2026 8:00:00 PM,46589891,2/22/2026 10:11:44 AM,2/22/2026 7:19:45 PM,-10582.4254693996,6615292.64815993
SWS00010,Southern Water,0,1/15/2026 8:10:06 PM,51.0378954368846,0.169350995581478,JARVIS BROOK,1/15/2026 8:50:01 PM,46589892,1/15/2026 7:54:11 PM,1/15/2026 8:10:06 PM,18852.0665934641,6627999.72622851
SWS00191,Southern Water,0,1/27/2026 12:31:00 PM,50.9329016587923,-0.547140231613143,ARUN,2/6/2026 3:35:00 PM,46589893,1/27/2026 9:28:00 AM,1/27/2026 12:31:00 PM,-60907.3719756888,6609433.37433324
SWS90110,Southern Water,0,11/3/2022 6:13:00 PM,51.2912270674296,0.99014336530437,AN UNNAMED TRIBUTARY OF THE RIVER STOUR,10/16/2025 8:10:59 AM,46589894,11/1/2022 11:49:00 AM,11/3/2022 6:13:00 PM,110222.255238021,6672970.99671784
SWS90072,Southern Water,0,11/21/2022 4:30:00 PM,50.8163852648606,-1.14059039666785,SOLENT,10/16/2025 8:10:59 AM,46589895,11/21/2022 2:30:00 PM,11/21/2022 4:30:00 PM,-126969.942160763,6588878.44532342
SWS90006,Southern Water,0,12/16/2022 5:01:51 PM,50.7186227072926,-1.28587949228352,MEDINA,12/18/2025 8:40:00 AM,46589896,12/16/2022 4:58:49 PM,12/16/2022 5:01:51 PM,-143143.450302515,6571671.45459539
SWS00568,Southern Water,0,2/19/2026 12:23:16 PM,50.9837054072358,0.602973982466583,ROTHER,2/19/2026 1:00:00 PM,46589897,2/19/2026 12:19:07 PM,2/19/2026 12:23:16 PM,67122.7566897723,6618411.90391749
SWS00600,Southern Water,0,3/15/2026 7:17:31 PM,50.7586819083242,0.0677884418264399,ENGLISH CHANNEL,3/23/2026 10:45:00 AM,46589898,3/15/2026 6:29:22 PM,3/15/2026 7:17:31 PM,7546.17482578874,6578717.84631997
SWS00853,Southern Water,0,3/11/2026 12:00:00 AM,50.8276549254095,-0.851292474761316,CHICHESTER HARBOUR,3/11/2026 12:40:00 AM,46589899,3/10/2026 11:31:07 AM,3/11/2026 12:00:00 AM,-94765.4448065754,6590864.30961392
SWS00881,Southern Water,0,6/18/2022 10:32:00 PM,51.4450891621247,0.366047984330462,THAMES,10/16/2025 8:10:59 AM,46589900,6/18/2022 10:26:00 PM,6/18/2022 10:32:00 PM,40748.2752215712,6700405.71072573
SWS00317,Southern Water,0,3/12/2026 9:12:05 AM,51.1865752092187,0.313997193690831,TRIBUTARY OF THE MEDWAY,3/12/2026 10:00:00 AM,46589901,3/12/2026 8:47:40 AM,3/12/2026 9:12:05 AM,34954.0077121802,6654363.31090271
SWS00146,Southern Water,0,3/13/2026 2:15:37 AM,50.7575932386097,-1.29095759502669,MEDINA,3/13/2026 2:40:00 AM,46589902,3/13/2026 2:13:44 AM,3/13/2026 2:15:37 AM,-143708.74211408,6578526.27020307
SWS00107,Southern Water,0,6/13/2025 11:09:40 PM,51.3768847726256,1.45623035099183,ENGLISH CHANNEL,10/22/2025 4:45:00 PM,46589903,6/13/2025 10:48:08 PM,6/13/2025 11:09:40 PM,162106.821150121,6688233.0027414
SWS00120,Southern Water,0,2/19/2026 12:49:24 AM,50.8461799033242,-0.997571658655565,BROCKHAMPTON CREEK,2/19/2026 5:15:00 AM,46589904,2/19/2026 12:44:54 AM,2/19/2026 12:49:24 AM,-111049.169071339,6594129.6994298
SWS90098,Southern Water,0,8/2/2023 7:28:00 PM,50.930697,0.579057,BREDE,10/16/2025 8:10:59 AM,46589905,8/2/2023 7:03:00 PM,8/2/2023 7:28:00 PM,64460.3303802806,6609043.96784319
SWS90000,Southern Water,0,12/14/2025 8:31:00 PM,51.323401,0.460796,MEDWAY,1/21/2026 10:00:00 AM,46589906,12/14/2025 1:22:18 PM,12/14/2025 8:31:00 PM,51295.5760795773,6678700.22320554
SWS90092,Southern Water,0,10/23/2025 10:52:00 AM,50.8491270318224,0.534520174869043,ENGLISH CHANNEL,1/14/2026 11:10:00 AM,46589907,10/23/2025 10:19:18 AM,10/23/2025 10:52:00 AM,59502.5136851534,6594649.3080284
SWS90129,Southern Water,0,9/15/2025 5:25:06 PM,50.852701,0.27133,HORSE EYE SEWER ,9/15/2025 5:30:51 PM,46589908,9/15/2025 4:50:59 PM,9/15/2025 5:25:06 PM,30204.3174369389,6595279.47885645
SWS90146,Southern Water,0,12/18/2025 8:12:58 PM,50.9583196529355,-0.161339323899583,POOK BOURNE,1/6/2026 11:00:00 AM,46589909,12/18/2025 1:25:46 PM,12/18/2025 8:12:58 PM,-17960.2113814326,6613924.26091333
SWS90022,Southern Water,0,6/17/2021 2:39:00 AM,51.3986627131733,1.42839364444665,NORTH SEA,10/16/2025 8:10:59 AM,46589910,6/16/2021 11:15:00 PM,6/17/2021 2:39:00 AM,159008.053152149,6692117.8252596
SWS00124,Southern Water,0,3/17/2026 1:08:56 PM,50.9799759185315,-0.944549358072884,STANBRIDGE STREAM,3/17/2026 2:00:00 PM,46589911,3/15/2026 4:09:35 PM,3/17/2026 1:08:56 PM,-105146.753569787,6617752.45861215
SWS00287,Southern Water,0,2/15/2026 2:34:00 PM,51.4434563656823,0.393307249789713,THAMES,2/15/2026 3:20:00 PM,46589912,2/15/2026 10:52:00 AM,2/15/2026 2:34:00 PM,43782.7627718937,6700114.08677906
SWS00288,Southern Water,0,2/15/2026 1:44:00 PM,51.4434563656823,0.393307249789713,THAMES,2/15/2026 2:00:00 PM,46589913,2/15/2026 11:24:00 AM,2/15/2026 1:44:00 PM,43782.7627718937,6700114.08677906
SWS00289,Southern Water,0,10/29/2025 2:08:00 PM,51.4434563656823,0.393307249789713,THAMES,10/29/2025 4:05:00 PM,46589914,10/29/2025 1:32:00 PM,10/29/2025 2:08:00 PM,43782.7627718937,6700114.08677906
SWS00549,Southern Water,0,1/27/2026 4:30:45 PM,51.4097645384389,1.43325229788248,NORTH SEA,1/27/2026 5:10:00 PM,46589915,1/27/2026 2:09:16 PM,1/27/2026 4:30:45 PM,159548.915978567,6694098.91811026
SWS00550,Southern Water,0,1/27/2026 3:45:01 PM,51.3986627131733,1.42839364444665,NORTH SEA,1/27/2026 4:10:00 PM,46589916,1/27/2026 2:15:34 PM,1/27/2026 3:45:01 PM,159008.053152149,6692117.8252596
SWS00655,Southern Water,0,2/19/2026 2:09:31 AM,50.725444889052,-1.53172821159082,SOLENT,2/19/2026 3:30:01 AM,46589917,2/18/2026 8:53:34 PM,2/19/2026 2:09:31 AM,-170511.204547982,6572871.04693673
SWS90039,Southern Water,0,1/1/2025 8:38:03 PM,51.1733121204591,0.565997878102639,BEULT,1/1/2025 6:08:02 PM,46589918,1/1/2025 5:18:18 PM,1/1/2025 8:38:03 PM,63006.5955804591,6652008.07807251
SWS00932,Southern Water,0,1/27/2026 5:26:39 PM,50.9089322753497,0.588129099867063,BREDE,1/27/2026 6:10:00 PM,46589919,1/27/2026 3:36:59 PM,1/27/2026 5:26:39 PM,65470.2319179078,6605200.67830367
SWS00106,Southern Water,0,10/23/2025 1:02:56 AM,51.3768847726256,1.45623035099183,ENGLISH CHANNEL,10/23/2025 9:40:00 AM,46589920,10/23/2025 12:08:03 AM,10/23/2025 1:02:56 AM,162106.821150121,6688233.0027414
SWS00924,Southern Water,0,2/19/2026 1:42:41 AM,51.0605444379335,1.07887416911168,ENGLISH CHANNEL,2/19/2026 5:25:00 AM,46589921,2/19/2026 1:37:26 AM,2/19/2026 1:42:41 AM,120099.723135528,6632010.32846584
SWS90118,Southern Water,0,6/11/2025 11:09:00 AM,51.0958403560174,1.33635405746404,ENGLISH CHANNEL,1/13/2026 3:10:00 PM,46589922,6/11/2025 10:00:00 AM,6/11/2025 11:09:00 AM,148762.253196422,6638264.31366572
SWS00929,Southern Water,0,1/9/2026 6:20:28 PM,51.323110296797,1.41270160620834,NORTH SEA,2/4/2026 3:40:01 PM,46589923,1/9/2026 6:16:13 PM,1/9/2026 6:20:28 PM,157261.223445952,6678648.43956887
SWS00823,Southern Water,0,2/19/2026 4:26:16 AM,51.032007,-0.176541,OUSE,2/19/2026 5:05:00 AM,46589924,2/18/2026 9:59:04 PM,2/19/2026 4:26:16 AM,-19652.4542241353,6626957.34449453
SWS90065,Southern Water,0,3/30/2026 11:13:29 AM,50.8506011433273,-0.698439003642,ALDINGBOURNE,3/30/2026 11:40:00 AM,46589925,3/30/2026 10:19:49 AM,3/30/2026 11:13:29 AM,-77749.8742355888,6594909.22113114
SWS00771,Southern Water,0,2/18/2026 10:53:11 PM,50.638958783865,-1.36614003371475,SHORWELL STREAM,2/18/2026 11:20:00 PM,46589926,2/18/2026 5:24:36 PM,2/18/2026 10:53:11 PM,-152078.012905432,6557676.49150255
SWS00342,Southern Water,0,2/19/2026 1:02:00 AM,50.8402183456643,0.492984506288379,ENGLISH CHANNEL,2/19/2026 5:15:00 AM,46589927,2/19/2026 12:58:21 AM,2/19/2026 1:02:00 AM,54878.7842089957,6593078.71679184
SWS00578,Southern Water,0,2/1/2026 6:44:29 PM,50.9039587647655,-1.45086634010351,TEST,2/1/2026 7:30:00 PM,46589928,2/1/2026 5:41:58 PM,2/1/2026 6:44:29 PM,-161509.702189423,6604322.69105063
SWS00745,Southern Water,0,3/16/2026 9:23:42 AM,51.004560874519,-0.0357574037479681,OUSE,3/16/2026 10:20:00 AM,46589929,3/16/2026 8:58:22 AM,3/16/2026 9:23:42 AM,-3980.4959773133,6622100.52829221
SWS00981,Southern Water,0,1/11/2024 6:58:00 PM,51.381195967985,0.605207706761961,MEDWAY,2/19/2024 1:46:04 PM,46589930,1/11/2024 6:54:00 PM,1/11/2024 6:58:00 PM,67371.4137409063,6689001.90155703
SWS90090,Southern Water,0,12/1/2025 9:16:30 PM,50.9282479066087,-0.47143872531841,STOR,1/20/2026 1:45:00 PM,46589931,12/1/2025 7:53:35 PM,12/1/2025 9:16:30 PM,-52480.3188426754,6608611.40877543
SWS00284,Southern Water,0,3/13/2026 3:14:17 AM,50.7675002123843,-1.30839170323604,SOLENT,3/13/2026 4:00:00 AM,46589932,3/13/2026 3:06:38 AM,3/13/2026 3:14:17 AM,-145649.49816238,6580269.79111314
SWS90033,Southern Water,0,11/16/2022 10:51:00 PM,50.8461799033242,-0.997571658655565,BROCKHAMPTON CREEK,10/16/2025 8:10:59 AM,46589933,11/16/2022 9:51:00 PM,11/16/2022 10:51:00 PM,-111049.169071339,6594129.6994298
SWS00982,Southern Water,0,2/19/2026 1:07:17 AM,51.057071,0.445718,RIVER BEWL,2/19/2026 5:15:00 AM,46589934,2/19/2026 12:41:02 AM,2/19/2026 1:07:17 AM,49617.1007973963,6631395.1374424
SWS90094,Southern Water,0,4/28/2024 9:54:36 PM,50.8461799033242,-0.997571658655565,BROCKHAMPTON CREEK,4/28/2024 7:16:56 PM,46589935,4/28/2024 6:38:45 PM,4/28/2024 9:54:36 PM,-111049.169071339,6594129.6994298
SWS00806,Southern Water,0,2/19/2026 12:54:46 AM,50.7250664886288,-1.12313552864106,SOLENT,2/19/2026 1:40:00 AM,46589936,2/18/2026 6:59:45 PM,2/19/2026 12:54:46 AM,-125026.875140157,6572804.50554602
SWS00979,Southern Water,0,12/1/2025 8:33:25 PM,50.8966756825977,-0.211522551644384,UN-NAMED TRIBUTARY OF THE RIVER ADUR,12/1/2025 9:25:00 PM,46589937,12/1/2025 8:18:29 PM,12/1/2025 8:33:25 PM,-23546.5827403467,6603037.15811203
SWS90051,Southern Water,0,12/7/2025 2:05:15 PM,51.388311769815,0.630882699476865,MEDWAY,12/7/2025 3:05:00 PM,46589938,12/7/2025 2:03:39 PM,12/7/2025 2:05:15 PM,70229.5408560505,6690271.15850568
SWS90031,Southern Water,0,7/24/2025 6:15:00 AM,50.8063712196237,-0.338597822711182,ENGLISH CHANNEL,7/24/2025 4:03:54 PM,46589939,7/24/2025 3:00:00 AM,7/24/2025 6:15:00 AM,-37692.5372079199,6587114.23923177
SWS90124,Southern Water,0,2/18/2026 10:06:35 PM,50.6812248955532,-1.13513498642642,AN UNNAMED TRIBUTARY OF RIVER YAR,2/18/2026 11:00:00 PM,46589940,2/18/2026 5:11:12 PM,2/18/2026 10:06:35 PM,-126362.648670619,6565098.63392826
SWS00983,Southern Water,0,2/19/2026 8:06:57 PM,51.0490659468228,-1.29407759705365,SEWAGE FARM,2/19/2026 9:00:00 PM,46589941,2/19/2026 7:52:25 PM,2/19/2026 8:06:57 PM,-144056.059150995,6629977.51414918
